Timestamp,SourceIP,DestinationIP,Protocol,Network_Bytes,Label
2024-09-15 12:54:00,12.177.128.201,194.194.130.175,TCP,60184,0
2024-09-15 12:59:00,47.178.183.139,65.101.223.230,UDP,466304,0
2024-09-15 13:08:00,6.55.168.194,109.232.142.248,TCP,279371,1
2024-09-15 13:10:00,187.133.194.104,8.122.229.122,UDP,160413,0
2024-09-15 13:20:00,69.9.88.238,44.180.181.75,TCP,250896,0
2024-09-15 13:26:00,126.3.254.214,25.37.97.90,UDP,411270,0
2024-09-15 13:28:00,116.246.70.32,78.162.211.16,TCP,263523,0
2024-09-15 13:31:00,91.13.189.232,142.76.200.0,TCP,368817,1
2024-09-15 13:36:00,56.39.30.158,145.143.248.251,TCP,365452,0
2024-09-15 13:37:00,84.201.135.191,171.93.157.95,TCP,214994,1
2024-09-15 13:45:00,18.34.50.207,206.213.84.142,TCP,178331,0
2024-09-15 13:55:00,255.121.26.188,150.34.45.117,TCP,243986,0
2024-09-15 13:56:00,182.144.117.92,156.164.198.81,UDP,62938,0
2024-09-15 13:59:00,23.83.226.189,78.74.249.184,UDP,450764,1
2024-09-15 14:01:00,36.234.89.27,75.20.92.94,UDP,390480,0
2024-09-15 14:02:00,25.180.105.84,100.251.48.227,UDP,299874,1
2024-09-15 14:07:00,43.40.17.246,118.134.73.16,UDP,210049,1
2024-09-15 14:16:00,146.70.142.59,109.209.75.184,UDP,422747,1
2024-09-15 14:21:00,251.231.202.64,189.28.202.127,UDP,306371,1
2024-09-15 14:26:00,32.12.186.43,203.145.254.100,UDP,184811,1
2024-09-15 14:32:00,80.187.164.243,66.243.123.193,TCP,376076,1
2024-09-15 14:34:00,197.155.105.84,40.227.53.73,UDP,401177,0
2024-09-15 14:41:00,153.61.48.176,25.53.248.235,TCP,272504,0
2024-09-15 14:43:00,65.170.167.207,10.6.13.51,TCP,331591,1
2024-09-15 14:47:00,209.230.83.17,86.19.20.184,TCP,318851,1
2024-09-15 14:56:00,167.110.63.244,203.3.211.253,TCP,306930,0
2024-09-15 14:58:00,36.106.240.246,136.57.97.113,UDP,416349,0
2024-09-15 15:06:00,170.21.55.117,155.14.11.120,UDP,210837,0
2024-09-15 15:16:00,144.199.8.139,49.147.9.218,UDP,66906,1
2024-09-15 15:23:00,218.13.33.3,131.63.119.49,UDP,491466,0
2024-09-15 15:25:00,197.162.134.210,177.252.134.93,TCP,235668,1
2024-09-15 15:33:00,38.222.197.73,116.208.38.110,TCP,419693,1
2024-09-15 15:34:00,222.244.59.238,92.209.105.118,TCP,243420,1
2024-09-15 15:40:00,206.250.104.12,192.96.182.33,UDP,281870,1
2024-09-15 15:47:00,114.129.125.173,62.35.229.94,TCP,175254,1
2024-09-15 15:56:00,23.16.209.235,220.186.231.204,UDP,142019,0
2024-09-15 16:03:00,182.222.251.8,42.72.118.231,UDP,27528,0
2024-09-15 16:12:00,240.97.192.47,154.15.173.62,UDP,51572,1
2024-09-15 16:14:00,121.253.95.181,94.12.130.203,TCP,67452,0
2024-09-15 16:15:00,227.239.107.116,132.45.25.253,TCP,231281,0
2024-09-15 16:25:00,226.206.226.69,37.45.141.51,UDP,92177,1
2024-09-15 16:29:00,29.186.97.137,68.129.60.2,TCP,92510,1
2024-09-15 16:31:00,57.48.138.182,8.155.64.100,TCP,32960,1
2024-09-15 16:40:00,222.196.216.42,68.99.91.227,UDP,291346,0
2024-09-15 16:48:00,47.159.237.24,185.225.10.147,UDP,281867,1
2024-09-15 16:54:00,198.7.106.109,79.243.123.56,TCP,94543,1
2024-09-15 16:59:00,90.131.170.229,244.171.123.81,TCP,317971,1
2024-09-15 17:05:00,36.160.0.59,195.57.180.214,UDP,185656,0
2024-09-15 17:06:00,119.246.16.52,192.175.147.241,TCP,338102,1
2024-09-15 17:08:00,66.162.84.111,11.175.55.3,TCP,355434,1
2024-09-15 17:12:00,158.191.125.180,207.115.212.164,UDP,200728,0
2024-09-15 17:22:00,38.50.8.176,254.171.253.7,UDP,69682,1
2024-09-15 17:32:00,159.212.53.104,191.81.93.220,UDP,356988,0
2024-09-15 17:36:00,196.206.75.251,120.70.170.217,UDP,89270,0
2024-09-15 17:42:00,62.23.164.233,145.238.68.186,UDP,39937,0
2024-09-15 17:46:00,222.20.104.104,55.18.77.45,UDP,117274,0
2024-09-15 17:56:00,25.20.14.207,218.166.32.241,TCP,413028,0
2024-09-15 18:02:00,48.73.74.158,192.231.102.69,TCP,432865,1
2024-09-15 18:11:00,210.234.178.116,31.92.112.189,TCP,404841,1
2024-09-15 18:14:00,135.69.212.222,21.30.247.2,UDP,247915,1
2024-09-15 18:24:00,155.185.226.43,240.250.196.37,UDP,222502,0
2024-09-15 18:34:00,45.215.133.146,178.207.244.135,UDP,287034,0
2024-09-15 18:35:00,97.215.11.69,134.126.145.232,UDP,105418,0
2024-09-15 18:43:00,7.199.132.177,28.247.44.199,UDP,494064,0
2024-09-15 18:48:00,123.104.118.236,167.249.82.237,UDP,454246,0
2024-09-15 18:51:00,20.250.47.42,66.113.50.84,TCP,397566,0
2024-09-15 18:54:00,115.158.133.197,241.16.42.62,UDP,393242,1
2024-09-15 18:56:00,106.179.170.108,41.236.162.170,UDP,374370,0
2024-09-15 19:03:00,90.144.52.69,161.92.19.231,TCP,425130,0
2024-09-15 19:04:00,86.90.30.51,161.149.84.204,TCP,103374,1
2024-09-15 19:11:00,27.139.210.244,77.137.195.232,TCP,278372,1
2024-09-15 19:19:00,231.223.106.85,156.103.84.130,TCP,222508,1
2024-09-15 19:25:00,27.86.178.95,124.71.5.195,TCP,23649,1
2024-09-15 19:35:00,80.99.52.27,65.231.89.160,TCP,459887,1
2024-09-15 19:44:00,241.90.252.75,83.47.175.153,UDP,81542,1
2024-09-15 19:49:00,123.239.241.82,252.200.247.219,TCP,152955,1
2024-09-15 19:52:00,141.166.231.75,239.152.115.214,UDP,289566,1
2024-09-15 19:55:00,76.55.154.29,129.220.125.146,UDP,14247,0
2024-09-15 20:03:00,205.66.189.98,190.169.89.9,TCP,414157,1
2024-09-15 20:04:00,70.199.178.146,100.125.216.86,UDP,114059,1
2024-09-15 20:12:00,118.32.5.145,58.193.115.122,TCP,490519,0
2024-09-15 20:18:00,202.254.200.247,72.236.205.62,TCP,282726,1
2024-09-15 20:19:00,242.49.122.217,44.122.154.145,TCP,409847,1
2024-09-15 20:23:00,71.200.82.179,53.188.61.69,TCP,179841,1
2024-09-15 20:31:00,216.5.174.140,60.79.51.112,UDP,52587,0
2024-09-15 20:33:00,1.71.146.45,18.70.22.41,UDP,354256,1
2024-09-15 20:34:00,168.135.225.60,90.109.3.112,UDP,104919,1
2024-09-15 20:39:00,233.77.231.204,239.47.225.9,TCP,314897,0
2024-09-15 20:41:00,178.233.26.67,231.43.54.90,UDP,48042,0
2024-09-15 20:49:00,179.66.94.228,219.116.92.242,UDP,367039,1
2024-09-15 20:59:00,163.7.228.18,112.136.138.148,TCP,155916,1
2024-09-15 21:03:00,216.50.193.199,41.85.124.122,TCP,63243,1
2024-09-15 21:05:00,49.225.243.4,193.109.225.66,UDP,73899,0
2024-09-15 21:07:00,90.163.191.225,25.98.245.98,UDP,17960,1
2024-09-15 21:11:00,97.69.110.165,168.127.140.104,UDP,4558,1
2024-09-15 21:21:00,69.67.190.108,144.133.186.186,UDP,30936,1
2024-09-15 21:23:00,159.246.30.183,129.246.204.190,TCP,362794,0
2024-09-15 21:28:00,157.86.235.50,1.221.162.105,UDP,28308,1
2024-09-15 21:33:00,133.97.152.44,124.52.154.212,UDP,278655,0
2024-09-15 21:40:00,194.230.78.139,52.1.250.31,UDP,144540,0
2024-09-15 21:49:00,64.36.147.190,25.112.144.90,TCP,88915,0
2024-09-15 21:55:00,252.183.248.98,223.69.247.151,TCP,435673,0
2024-09-15 21:56:00,175.167.24.203,207.141.200.231,TCP,13483,0
2024-09-15 22:05:00,19.169.54.158,206.240.68.127,TCP,21983,0
2024-09-15 22:14:00,56.97.41.78,220.126.41.99,TCP,167169,1
2024-09-15 22:24:00,50.174.26.225,51.246.42.135,UDP,322726,0
2024-09-15 22:25:00,16.199.79.2,80.195.243.146,TCP,344574,1
2024-09-15 22:27:00,80.164.213.255,132.155.102.151,TCP,126394,1
2024-09-15 22:31:00,202.73.252.6,159.120.216.54,UDP,486134,0
2024-09-15 22:33:00,222.83.85.184,58.75.64.122,UDP,138023,0
2024-09-15 22:36:00,183.80.3.175,105.86.114.164,TCP,101866,0
2024-09-15 22:41:00,236.250.184.39,170.186.152.238,TCP,139482,0
2024-09-15 22:42:00,108.207.150.197,135.187.176.65,TCP,285811,0
2024-09-15 22:47:00,137.103.161.246,103.12.101.93,UDP,378390,0
2024-09-15 22:52:00,153.172.105.38,196.123.24.231,TCP,481515,1
2024-09-15 22:55:00,173.208.118.170,237.128.249.161,UDP,176537,1
2024-09-15 22:56:00,126.219.36.151,206.70.193.94,TCP,378075,1
2024-09-15 22:58:00,23.34.91.44,5.150.143.11,TCP,11487,0
2024-09-15 23:03:00,238.240.72.219,209.76.228.179,TCP,296303,0
2024-09-15 23:07:00,112.175.177.75,81.94.115.229,UDP,302742,1
2024-09-15 23:10:00,195.21.18.37,143.165.118.15,UDP,492549,1
2024-09-15 23:17:00,37.25.44.233,170.221.225.168,TCP,241991,1
2024-09-15 23:21:00,141.72.210.245,162.24.86.85,UDP,240965,1
2024-09-15 23:23:00,240.232.6.221,175.185.215.51,TCP,151905,0
2024-09-15 23:29:00,55.233.64.40,11.208.174.2,UDP,381202,0
2024-09-15 23:33:00,14.85.128.46,40.254.212.130,UDP,461390,0
2024-09-15 23:38:00,107.1.38.98,120.12.23.90,UDP,388119,0
2024-09-15 23:45:00,172.5.29.7,133.87.66.49,UDP,292010,1
2024-09-15 23:46:00,239.106.101.155,90.209.146.14,TCP,462276,1
2024-09-15 23:51:00,141.5.190.71,203.15.221.205,TCP,310556,0
2024-09-15 23:59:00,29.220.128.184,174.199.140.29,UDP,331672,0
2024-09-16 00:02:00,176.199.52.179,212.252.155.59,UDP,323313,1
2024-09-16 00:08:00,199.140.225.67,190.214.46.144,UDP,116358,0
2024-09-16 00:14:00,189.40.76.188,163.84.253.135,UDP,201168,0
2024-09-16 00:18:00,117.115.148.231,100.76.60.216,UDP,248341,0
2024-09-16 00:19:00,167.113.68.68,203.205.99.180,TCP,363067,1
2024-09-16 00:23:00,46.76.13.1,199.247.242.190,UDP,66493,0
2024-09-16 00:32:00,113.69.18.156,250.173.189.45,TCP,308090,1
2024-09-16 00:33:00,231.63.14.203,148.2.64.210,UDP,402600,0
2024-09-16 00:42:00,253.198.244.43,115.4.116.120,TCP,253330,1
2024-09-16 00:48:00,180.84.57.253,48.128.240.198,TCP,277242,1
2024-09-16 00:56:00,139.167.50.218,23.196.184.40,TCP,80995,0
2024-09-16 00:59:00,202.57.159.183,197.248.230.130,TCP,499865,1
2024-09-16 01:09:00,137.196.123.48,62.27.221.222,TCP,63920,0
2024-09-16 01:11:00,220.108.183.120,43.88.242.182,UDP,289862,1
2024-09-16 01:12:00,23.83.180.115,246.232.112.48,TCP,124664,1
2024-09-16 01:15:00,102.136.21.160,60.204.213.93,TCP,97876,1
2024-09-16 01:22:00,108.20.238.243,185.237.48.82,TCP,276708,1
2024-09-16 01:25:00,153.183.140.10,45.59.6.93,UDP,12517,1
2024-09-16 01:35:00,201.164.131.165,246.21.101.35,UDP,110807,1
2024-09-16 01:45:00,74.51.150.109,212.200.37.31,TCP,491147,0
2024-09-16 01:46:00,195.244.220.206,114.75.77.123,UDP,431324,0
2024-09-16 01:48:00,146.149.186.164,37.164.47.12,TCP,265031,0
2024-09-16 01:57:00,28.152.76.176,165.236.223.151,TCP,297066,1
2024-09-16 02:06:00,93.140.87.179,10.67.62.220,TCP,204551,1
2024-09-16 02:11:00,195.78.253.222,64.103.231.233,UDP,34935,1
2024-09-16 02:21:00,188.249.251.233,117.157.163.241,TCP,16059,1
2024-09-16 02:25:00,65.252.215.193,205.3.227.253,UDP,393735,0
2024-09-16 02:29:00,96.131.145.29,71.114.203.118,TCP,433861,1
2024-09-16 02:33:00,192.109.32.187,176.131.140.171,UDP,266501,0
2024-09-16 02:40:00,21.237.177.195,51.164.253.234,TCP,360497,0
2024-09-16 02:44:00,116.183.55.230,194.10.53.211,UDP,436588,0
2024-09-16 02:50:00,87.224.95.40,223.112.1.10,UDP,194884,0
2024-09-16 02:56:00,150.139.59.91,227.41.89.55,UDP,268249,0
2024-09-16 03:00:00,225.30.39.16,171.8.107.3,UDP,363320,1
2024-09-16 03:04:00,165.209.167.104,250.42.18.205,UDP,343584,1
2024-09-16 03:05:00,23.26.86.167,45.180.146.160,UDP,177482,0
2024-09-16 03:15:00,23.67.193.198,253.106.138.223,UDP,499962,0
2024-09-16 03:18:00,24.148.89.27,89.16.183.231,UDP,339974,0
2024-09-16 03:24:00,195.148.39.126,175.77.17.76,UDP,34392,0
2024-09-16 03:25:00,251.28.157.254,218.158.145.216,UDP,41923,0
2024-09-16 03:35:00,1.151.101.123,128.21.103.166,UDP,252513,1
2024-09-16 03:39:00,192.80.106.230,214.219.6.114,TCP,73544,1
2024-09-16 03:42:00,154.67.93.84,98.22.161.1,UDP,249585,0
2024-09-16 03:43:00,137.158.49.212,187.86.72.97,UDP,331257,1
2024-09-16 03:47:00,179.175.166.164,23.54.56.191,UDP,260165,1
2024-09-16 03:53:00,94.250.180.100,146.172.80.185,UDP,146429,0
2024-09-16 04:03:00,181.26.195.245,144.184.28.149,UDP,16515,1
2024-09-16 04:06:00,109.53.227.189,173.54.13.208,UDP,21223,0
2024-09-16 04:10:00,143.139.142.184,209.43.254.22,TCP,142965,0
2024-09-16 04:14:00,77.11.242.5,194.130.177.153,TCP,345887,0
2024-09-16 04:18:00,18.150.125.94,97.151.80.206,UDP,413819,1
2024-09-16 04:21:00,199.92.147.4,241.242.109.33,TCP,397696,1
2024-09-16 04:25:00,95.206.220.178,121.169.46.69,TCP,68475,1
2024-09-16 04:34:00,171.216.47.23,231.111.175.6,UDP,328902,0
2024-09-16 04:42:00,66.143.96.21,186.243.2.80,UDP,455652,0
2024-09-16 04:49:00,43.97.224.229,149.151.94.87,UDP,404551,0
2024-09-16 04:51:00,200.151.8.175,118.242.206.236,UDP,81664,0
2024-09-16 04:53:00,204.245.28.114,14.101.248.185,TCP,474379,0
2024-09-16 05:01:00,163.225.156.73,238.187.202.85,TCP,442417,0
2024-09-16 05:05:00,40.10.10.166,240.76.63.246,UDP,190946,0
2024-09-16 05:07:00,39.148.233.93,31.71.224.125,UDP,158291,1
2024-09-16 05:12:00,141.25.197.89,209.147.137.190,TCP,158087,1
2024-09-16 05:20:00,73.44.211.16,251.112.171.179,TCP,197163,0
2024-09-16 05:24:00,101.26.33.37,124.176.63.226,UDP,207915,0
2024-09-16 05:29:00,129.148.213.122,81.158.160.75,TCP,424543,0
2024-09-16 05:31:00,12.111.27.197,148.148.60.5,UDP,118958,1
2024-09-16 05:35:00,4.59.118.66,165.155.23.74,TCP,214194,1
2024-09-16 05:37:00,59.88.206.196,122.131.166.230,TCP,43680,0
2024-09-16 05:46:00,0.61.210.96,218.214.53.2,TCP,127290,0
2024-09-16 05:53:00,47.64.248.7,166.154.103.7,TCP,374301,1
2024-09-16 06:02:00,71.195.104.16,231.83.37.31,TCP,415554,1
2024-09-16 06:07:00,121.4.198.105,125.204.184.14,UDP,344098,0
2024-09-16 06:14:00,215.148.61.6,24.132.220.94,TCP,12453,0
2024-09-16 06:24:00,205.22.155.118,97.182.76.161,UDP,15615,1
2024-09-16 06:30:00,142.159.21.2,25.195.144.14,UDP,415696,0
2024-09-16 06:35:00,238.18.232.108,206.229.70.72,UDP,430983,0
2024-09-16 06:40:00,90.110.140.34,193.44.8.117,TCP,186171,0
2024-09-16 06:47:00,98.126.168.116,201.192.54.166,TCP,19459,1
2024-09-16 06:48:00,224.163.74.49,224.156.154.225,UDP,19169,0
2024-09-16 06:52:00,133.152.43.28,148.157.214.232,TCP,116825,0
2024-09-16 06:55:00,52.40.78.158,81.110.183.206,TCP,483951,0
2024-09-16 07:00:00,246.217.15.48,86.181.232.183,UDP,355467,1
2024-09-16 07:08:00,92.15.169.234,149.231.80.218,UDP,296072,0
2024-09-16 07:11:00,0.66.27.51,39.7.219.202,UDP,121654,1
2024-09-16 07:15:00,100.56.217.97,59.148.131.7,UDP,268202,1
2024-09-16 07:16:00,227.123.188.16,254.109.37.80,TCP,371709,0
2024-09-16 07:17:00,253.105.60.207,168.96.110.228,TCP,333143,0
2024-09-16 07:19:00,18.23.192.149,78.36.76.212,TCP,214388,0
2024-09-16 07:27:00,154.68.242.154,156.119.148.149,UDP,294109,1
2024-09-16 07:37:00,209.78.68.228,0.23.5.237,TCP,158012,0
2024-09-16 07:45:00,220.114.40.212,30.27.243.20,TCP,154394,1
2024-09-16 07:47:00,99.33.150.157,248.235.1.203,TCP,357991,1
2024-09-16 07:50:00,174.93.84.12,143.139.229.92,TCP,416735,1
2024-09-16 07:54:00,59.55.173.199,247.174.101.104,TCP,260864,0
2024-09-16 08:03:00,230.30.65.137,19.130.148.93,UDP,39969,0
2024-09-16 08:05:00,20.65.144.107,226.122.217.236,UDP,485748,1
2024-09-16 08:12:00,89.38.146.242,5.56.255.53,TCP,477960,0
2024-09-16 08:17:00,56.127.216.62,57.194.101.37,TCP,245738,1
2024-09-16 08:25:00,225.61.227.188,103.101.129.55,TCP,470702,1
2024-09-16 08:33:00,195.71.80.54,71.54.204.165,TCP,175300,0
2024-09-16 08:35:00,28.178.229.227,167.113.86.53,TCP,334174,0
2024-09-16 08:42:00,29.130.170.248,10.143.172.43,UDP,213072,1
2024-09-16 08:43:00,243.22.196.194,225.55.241.187,TCP,100393,0
2024-09-16 08:52:00,189.15.40.241,56.105.76.102,UDP,427225,1
2024-09-16 08:55:00,68.74.68.39,134.204.233.79,UDP,465926,0
2024-09-16 09:04:00,12.95.135.190,51.28.243.139,UDP,444142,0
2024-09-16 09:05:00,152.158.130.201,201.237.6.217,TCP,354722,1
2024-09-16 09:09:00,155.153.0.137,177.210.114.233,UDP,25675,0
2024-09-16 09:11:00,131.247.14.205,163.41.210.75,UDP,264845,0
2024-09-16 09:14:00,235.33.161.71,247.93.83.154,UDP,89476,0
2024-09-16 09:23:00,111.128.214.161,69.233.13.103,UDP,327252,1
2024-09-16 09:33:00,146.213.165.83,63.48.23.105,UDP,254235,0
2024-09-16 09:35:00,42.99.177.242,172.204.112.151,TCP,72770,0
2024-09-16 09:38:00,136.50.114.200,38.73.39.198,UDP,195261,0
2024-09-16 09:48:00,98.84.90.68,121.59.94.204,TCP,492791,1
2024-09-16 09:55:00,181.136.124.214,112.184.63.161,TCP,351700,0
2024-09-16 09:58:00,161.17.127.82,78.163.253.132,TCP,200308,1
2024-09-16 09:59:00,223.159.244.159,159.198.71.149,UDP,186809,0
2024-09-16 10:03:00,147.173.253.152,95.167.126.52,TCP,210728,0
2024-09-16 10:07:00,62.49.229.5,91.116.11.49,UDP,489174,1
2024-09-16 10:14:00,161.156.174.158,95.88.209.36,UDP,13639,1
2024-09-16 10:17:00,78.167.28.251,150.149.228.116,TCP,250790,1
2024-09-16 10:25:00,15.12.105.85,174.216.25.137,UDP,26741,1
2024-09-16 10:30:00,79.179.8.221,85.58.162.31,TCP,257073,0
2024-09-16 10:36:00,5.168.12.157,215.41.154.66,TCP,99040,1
2024-09-16 10:38:00,1.105.238.243,236.9.250.130,TCP,162815,0
2024-09-16 10:39:00,202.133.72.215,46.82.153.147,UDP,245422,0
2024-09-16 10:43:00,124.164.113.75,180.167.215.140,UDP,81478,1
2024-09-16 10:52:00,160.190.28.147,188.113.189.36,UDP,312600,0
2024-09-16 10:55:00,171.163.29.223,22.61.203.202,TCP,489192,1
2024-09-16 10:57:00,124.47.24.45,96.97.92.234,TCP,443131,0
2024-09-16 11:03:00,233.193.176.69,15.251.10.247,UDP,159033,0
2024-09-16 11:04:00,61.0.13.243,189.87.218.100,TCP,380498,1
2024-09-16 11:07:00,239.111.13.252,70.187.171.4,TCP,202601,0
2024-09-16 11:11:00,21.77.164.163,110.68.155.129,UDP,434430,1
2024-09-16 11:16:00,49.120.243.198,43.191.212.17,UDP,156499,1
2024-09-16 11:25:00,183.185.217.229,3.73.184.214,UDP,114981,1
2024-09-16 11:31:00,222.205.115.22,147.9.101.23,UDP,229487,1
2024-09-16 11:34:00,179.253.69.172,218.11.245.18,UDP,465436,1
2024-09-16 11:39:00,142.34.235.165,125.179.21.163,UDP,316300,0
2024-09-16 11:49:00,207.64.116.74,52.24.18.213,UDP,418855,1
2024-09-16 11:50:00,54.47.246.109,235.198.176.132,TCP,222789,0
2024-09-16 11:58:00,58.214.41.222,5.237.183.43,TCP,79204,1
2024-09-16 12:05:00,190.196.76.159,9.92.193.54,UDP,4751,1
2024-09-16 12:11:00,221.15.193.43,39.145.201.113,TCP,243204,0
2024-09-16 12:19:00,226.236.148.137,61.225.138.8,TCP,291118,1
2024-09-16 12:23:00,178.138.186.82,162.204.24.51,UDP,487730,0
2024-09-16 12:31:00,185.4.32.240,82.22.28.50,UDP,210824,0
2024-09-16 12:39:00,216.95.191.115,250.166.141.232,TCP,495277,1
2024-09-16 12:49:00,126.48.132.16,139.181.67.218,TCP,9325,0
2024-09-16 12:57:00,6.96.37.86,31.14.177.189,TCP,187157,1
2024-09-16 13:02:00,149.43.217.106,70.62.34.79,UDP,98309,0
2024-09-16 13:11:00,192.88.112.175,247.66.191.241,UDP,368016,0
2024-09-16 13:18:00,114.83.167.175,189.93.99.216,UDP,229637,1
2024-09-16 13:26:00,193.213.11.67,6.41.141.100,TCP,4457,0
2024-09-16 13:36:00,243.183.139.146,30.107.163.128,UDP,51307,1
2024-09-16 13:46:00,202.106.247.79,210.128.42.141,UDP,223879,1
2024-09-16 13:53:00,56.234.198.209,222.47.199.70,UDP,375220,0
2024-09-16 14:02:00,113.238.70.234,10.189.150.55,TCP,238220,1
2024-09-16 14:03:00,17.213.225.209,72.78.173.153,UDP,95254,0
2024-09-16 14:11:00,218.63.196.250,185.50.28.163,UDP,325450,1
2024-09-16 14:21:00,145.251.180.157,20.17.104.227,UDP,303849,1
2024-09-16 14:30:00,216.252.46.212,89.20.102.100,UDP,54792,0
2024-09-16 14:39:00,9.12.61.18,169.77.189.107,TCP,459703,1
2024-09-16 14:42:00,78.182.56.101,223.164.103.247,UDP,412696,1
2024-09-16 14:47:00,137.30.156.125,149.229.81.115,UDP,317740,1
2024-09-16 14:57:00,191.49.57.204,215.231.108.118,TCP,405690,0
2024-09-16 15:03:00,89.145.236.170,156.52.129.247,UDP,103808,0
2024-09-16 15:13:00,134.170.169.39,206.132.10.13,TCP,497089,1
2024-09-16 15:17:00,91.224.216.173,229.180.4.162,UDP,402189,1
2024-09-16 15:22:00,155.28.128.128,171.34.228.95,UDP,401107,1
2024-09-16 15:30:00,178.148.135.63,175.110.194.12,UDP,293057,1
2024-09-16 15:33:00,250.240.17.95,81.165.62.242,TCP,381028,1
2024-09-16 15:40:00,216.156.168.132,86.122.196.138,UDP,168322,0
2024-09-16 15:43:00,78.90.29.203,233.169.171.239,UDP,449294,0
2024-09-16 15:51:00,20.69.95.122,77.201.53.197,UDP,26265,1
2024-09-16 15:56:00,115.250.234.40,245.7.57.254,UDP,360388,1
2024-09-16 15:59:00,179.123.6.44,193.97.188.247,TCP,384471,0
2024-09-16 16:01:00,214.34.19.163,230.135.51.168,UDP,318820,1
2024-09-16 16:05:00,41.111.179.15,118.116.122.237,TCP,477151,1
2024-09-16 16:08:00,75.21.234.187,252.85.146.199,UDP,35896,1
2024-09-16 16:10:00,67.237.105.47,144.240.114.132,TCP,285649,1
2024-09-16 16:11:00,213.227.188.4,53.93.51.64,TCP,267562,0
2024-09-16 16:19:00,80.199.123.255,135.4.113.2,UDP,121231,1
2024-09-16 16:25:00,227.70.95.91,221.12.24.24,TCP,308602,1
2024-09-16 16:28:00,74.135.234.92,176.69.105.52,UDP,199157,1
2024-09-16 16:32:00,0.38.172.131,156.246.15.110,UDP,323377,0
2024-09-16 16:38:00,230.167.214.151,187.45.79.202,TCP,390224,0
2024-09-16 16:41:00,25.149.179.58,82.116.230.51,TCP,72392,1
2024-09-16 16:44:00,36.78.232.179,195.223.36.252,TCP,390191,0
2024-09-16 16:48:00,22.252.11.149,10.190.117.180,UDP,236712,1
2024-09-16 16:58:00,254.15.57.127,50.100.149.141,UDP,258445,1
2024-09-16 17:08:00,9.66.185.164,1.111.32.110,TCP,474435,0
2024-09-16 17:14:00,56.174.169.23,99.190.167.181,TCP,264976,1
2024-09-16 17:20:00,85.53.174.105,136.37.45.143,TCP,120918,1
2024-09-16 17:22:00,24.204.176.185,221.186.157.140,TCP,88993,1
2024-09-16 17:32:00,57.245.11.159,53.212.179.212,TCP,118053,1
2024-09-16 17:33:00,185.165.174.141,117.87.178.167,TCP,429320,0
2024-09-16 17:41:00,35.252.152.25,121.75.231.184,TCP,456891,0
2024-09-16 17:43:00,111.239.188.104,191.167.56.42,TCP,385736,0
2024-09-16 17:47:00,144.80.168.104,90.6.118.23,UDP,468068,0
2024-09-16 17:49:00,134.115.131.168,217.80.181.104,TCP,143949,1
2024-09-16 17:56:00,80.49.63.193,193.64.234.129,UDP,100350,1
2024-09-16 17:57:00,246.131.45.33,134.69.244.129,UDP,426326,1
2024-09-16 18:01:00,249.4.252.214,246.175.229.215,TCP,50003,0
2024-09-16 18:03:00,112.147.41.102,195.47.77.222,TCP,476937,1
2024-09-16 18:08:00,207.99.186.189,240.120.222.248,TCP,196945,1
2024-09-16 18:17:00,69.170.35.222,9.85.74.250,UDP,265669,1
2024-09-16 18:21:00,113.16.73.172,52.79.216.211,UDP,159478,0
2024-09-16 18:22:00,151.141.129.132,147.33.60.224,TCP,126559,0
2024-09-16 18:29:00,141.162.252.79,62.51.227.149,TCP,230511,1
2024-09-16 18:39:00,231.172.220.233,217.105.112.133,TCP,94445,0
2024-09-16 18:46:00,230.227.92.121,40.61.238.166,TCP,496897,1
2024-09-16 18:52:00,53.229.201.67,196.66.29.8,TCP,155640,0
2024-09-16 18:56:00,98.148.193.75,18.169.114.12,UDP,73350,1
2024-09-16 18:58:00,40.209.44.120,191.114.44.200,UDP,161052,1
2024-09-16 19:05:00,217.123.2.38,29.78.146.44,UDP,322622,0
2024-09-16 19:06:00,204.148.138.65,58.78.29.227,TCP,359891,1
2024-09-16 19:09:00,237.59.208.243,188.175.177.16,TCP,262302,1
2024-09-16 19:12:00,185.229.164.71,97.206.109.87,UDP,253980,0
2024-09-16 19:21:00,111.109.161.126,31.52.152.47,TCP,257020,1
2024-09-16 19:29:00,160.39.89.85,87.116.231.131,UDP,360418,0
2024-09-16 19:38:00,135.97.212.39,112.171.196.181,TCP,444486,1
2024-09-16 19:45:00,31.7.246.101,201.35.134.201,TCP,315031,1
2024-09-16 19:51:00,58.252.52.34,190.76.55.179,TCP,14841,0
2024-09-16 19:54:00,156.100.3.210,81.49.118.202,TCP,262872,1
2024-09-16 20:03:00,198.213.169.167,176.119.24.174,TCP,415066,1
2024-09-16 20:12:00,3.195.46.142,162.192.208.206,UDP,87751,0
2024-09-16 20:14:00,216.155.53.176,148.157.0.133,UDP,121990,0
2024-09-16 20:23:00,178.196.217.35,237.172.238.93,TCP,464452,1
2024-09-16 20:24:00,248.250.164.183,68.180.101.170,UDP,385215,0
2024-09-16 20:34:00,222.97.56.104,140.199.177.183,TCP,485696,0
2024-09-16 20:41:00,107.34.185.236,22.89.177.169,UDP,66338,0
2024-09-16 20:42:00,125.40.126.127,8.36.80.75,TCP,156414,1
2024-09-16 20:48:00,38.166.181.104,194.127.40.193,UDP,361273,0
2024-09-16 20:58:00,88.190.41.200,127.163.106.117,UDP,343373,0
2024-09-16 21:08:00,2.70.179.170,76.65.223.184,TCP,408890,1
2024-09-16 21:16:00,101.204.83.221,31.114.33.124,TCP,187284,1
2024-09-16 21:21:00,103.3.183.205,76.238.36.180,TCP,383207,1
2024-09-16 21:30:00,183.49.228.47,52.75.208.60,UDP,358468,1
2024-09-16 21:39:00,205.70.23.25,241.249.13.162,UDP,261172,1
2024-09-16 21:42:00,63.123.195.141,183.24.18.6,TCP,349585,1
2024-09-16 21:50:00,153.123.14.239,123.9.106.52,UDP,80365,1
2024-09-16 21:56:00,223.210.190.139,218.125.175.196,TCP,403648,1
2024-09-16 22:01:00,119.205.35.12,106.117.92.13,UDP,173587,1
2024-09-16 22:10:00,171.141.133.245,72.52.11.155,TCP,110475,0
2024-09-16 22:12:00,182.234.119.157,5.210.120.140,UDP,497185,0
2024-09-16 22:22:00,126.135.163.72,80.219.243.71,TCP,142062,0
2024-09-16 22:30:00,164.34.33.71,23.5.216.192,UDP,258430,1
2024-09-16 22:38:00,105.128.231.191,199.117.66.193,TCP,356753,1
2024-09-16 22:45:00,246.6.165.222,117.40.132.94,TCP,254059,0
2024-09-16 22:50:00,121.245.51.0,193.122.44.111,TCP,255125,0
2024-09-16 22:58:00,35.42.129.106,12.161.89.228,TCP,499524,1
2024-09-16 23:05:00,154.109.127.4,132.136.140.171,TCP,396774,1
2024-09-16 23:08:00,52.207.131.131,242.209.5.144,UDP,294396,0
2024-09-16 23:13:00,40.241.40.97,205.209.27.238,UDP,433449,0
2024-09-16 23:20:00,80.106.130.165,94.3.143.76,UDP,463816,0
2024-09-16 23:22:00,221.130.249.104,225.177.55.174,UDP,253138,1
2024-09-16 23:30:00,228.94.245.111,215.105.152.177,TCP,6808,0
2024-09-16 23:32:00,99.40.37.169,151.105.92.0,TCP,426420,1
2024-09-16 23:41:00,171.225.236.97,32.28.101.212,TCP,33752,0
2024-09-16 23:44:00,174.23.173.85,166.27.240.27,UDP,158420,1
2024-09-16 23:45:00,120.62.167.106,127.57.230.135,UDP,196612,1
2024-09-16 23:46:00,145.103.99.135,245.44.89.203,TCP,485949,1
2024-09-16 23:51:00,182.33.145.5,161.16.235.59,TCP,29382,0
2024-09-16 23:58:00,153.149.62.163,38.168.108.174,TCP,229598,1
2024-09-17 00:01:00,223.24.216.234,93.196.80.121,UDP,425654,1
2024-09-17 00:07:00,28.180.213.14,27.130.3.144,UDP,191600,1
2024-09-17 00:17:00,129.58.76.84,138.91.38.11,TCP,123686,0
2024-09-17 00:18:00,240.173.245.15,226.125.7.166,TCP,20747,1
2024-09-17 00:27:00,107.227.80.155,22.66.13.171,TCP,350063,0
2024-09-17 00:36:00,46.81.13.217,96.19.48.111,UDP,150641,1
2024-09-17 00:39:00,15.24.200.224,35.43.182.12,TCP,275949,0
2024-09-17 00:44:00,67.90.246.19,74.141.51.241,TCP,100797,0
2024-09-17 00:47:00,59.154.197.233,95.211.237.38,UDP,498986,0
2024-09-17 00:54:00,89.90.248.26,148.115.18.215,UDP,367098,0
2024-09-17 00:57:00,103.181.186.40,95.122.82.248,TCP,302782,0
2024-09-17 01:07:00,78.154.245.153,22.230.57.115,UDP,497320,0
2024-09-17 01:16:00,236.165.32.71,130.118.229.157,TCP,65582,0
2024-09-17 01:23:00,170.132.184.88,211.225.183.69,TCP,365142,0
2024-09-17 01:30:00,244.113.250.208,32.228.147.217,TCP,434831,0
2024-09-17 01:39:00,254.136.62.53,8.186.101.170,TCP,203322,0
2024-09-17 01:49:00,184.190.95.120,9.190.253.205,TCP,404866,0
2024-09-17 01:58:00,225.242.69.55,127.75.47.41,TCP,451057,1
2024-09-17 02:03:00,147.186.139.115,114.16.33.104,TCP,147902,1
2024-09-17 02:11:00,201.91.151.115,131.196.139.25,TCP,273877,0
2024-09-17 02:13:00,24.125.3.170,15.176.69.235,UDP,417470,1
2024-09-17 02:15:00,190.190.23.93,135.227.102.52,UDP,411261,0
2024-09-17 02:16:00,88.215.2.251,119.69.123.65,TCP,461214,1
2024-09-17 02:24:00,180.184.64.51,10.29.216.5,UDP,118278,1
2024-09-17 02:31:00,159.60.77.102,108.210.32.125,TCP,356781,0
2024-09-17 02:32:00,108.149.228.181,148.165.246.203,TCP,336153,0
2024-09-17 02:41:00,247.9.201.17,253.237.237.78,UDP,296407,1
2024-09-17 02:48:00,0.75.118.81,39.171.125.18,UDP,341763,1
2024-09-17 02:54:00,16.235.191.125,31.146.61.95,TCP,276198,1
2024-09-17 02:58:00,71.48.158.118,235.179.152.8,UDP,287091,1
2024-09-17 03:00:00,113.188.130.135,197.236.124.108,UDP,471222,1
2024-09-17 03:04:00,62.77.162.136,56.137.42.210,TCP,402132,1
2024-09-17 03:11:00,133.234.49.123,17.229.196.253,UDP,364366,0
2024-09-17 03:21:00,64.100.228.91,127.187.197.191,UDP,386074,0
2024-09-17 03:31:00,136.253.206.71,20.139.101.26,TCP,362506,1
2024-09-17 03:32:00,57.24.43.12,239.49.187.1,TCP,377466,0
2024-09-17 03:38:00,116.41.203.42,167.201.7.231,UDP,457108,0
2024-09-17 03:44:00,236.242.140.221,210.69.221.174,TCP,152789,0
2024-09-17 03:45:00,204.125.24.12,57.70.139.100,TCP,442561,1
2024-09-17 03:52:00,123.216.53.38,224.80.54.56,UDP,465169,0
2024-09-17 03:58:00,179.89.177.28,11.206.52.179,TCP,309121,1
2024-09-17 04:04:00,233.1.246.3,227.141.239.231,TCP,213258,1
2024-09-17 04:08:00,221.117.159.85,182.29.191.196,TCP,236968,1
2024-09-17 04:16:00,231.79.172.94,108.225.66.57,TCP,279550,0
2024-09-17 04:20:00,112.0.215.179,210.241.226.194,TCP,357991,1
2024-09-17 04:22:00,109.247.14.207,35.186.27.136,UDP,374910,0
2024-09-17 04:27:00,190.49.118.123,108.24.83.145,TCP,254620,1
2024-09-17 04:28:00,99.110.88.86,225.212.48.209,UDP,1017,1
2024-09-17 04:36:00,214.234.91.95,175.236.203.168,UDP,490078,1
2024-09-17 04:38:00,93.37.79.161,83.163.13.221,UDP,330408,1
2024-09-17 04:43:00,165.40.92.189,82.163.13.216,UDP,385700,0
2024-09-17 04:53:00,109.78.19.92,235.36.155.149,UDP,469754,0
2024-09-17 04:55:00,12.203.147.96,16.233.36.171,UDP,362652,1
2024-09-17 04:57:00,124.42.116.235,11.243.199.131,UDP,278342,1
2024-09-17 05:00:00,242.10.145.110,44.102.20.145,TCP,225127,0
2024-09-17 05:10:00,126.194.91.13,154.141.61.80,UDP,462384,0
2024-09-17 05:14:00,202.69.234.10,137.250.195.61,TCP,456750,0
2024-09-17 05:21:00,232.233.60.145,97.247.183.119,UDP,435091,0
2024-09-17 05:27:00,106.171.201.183,46.216.132.166,UDP,365878,0
2024-09-17 05:34:00,60.2.86.47,116.76.180.84,TCP,283998,0
2024-09-17 05:43:00,219.155.169.198,167.68.62.233,TCP,479610,0
2024-09-17 05:51:00,241.153.120.236,247.254.50.23,TCP,276975,1
2024-09-17 06:00:00,55.213.141.193,231.4.81.74,UDP,59622,0
2024-09-17 06:04:00,176.35.198.114,30.73.181.65,TCP,484836,1
2024-09-17 06:10:00,50.120.166.10,14.21.54.62,UDP,390242,1
2024-09-17 06:17:00,249.102.233.27,28.191.38.109,UDP,18043,0
2024-09-17 06:19:00,220.181.88.123,59.253.41.218,TCP,24274,0
2024-09-17 06:24:00,21.208.231.134,118.176.124.88,UDP,346967,1
2024-09-17 06:28:00,38.72.207.219,158.71.168.126,TCP,76750,0
2024-09-17 06:31:00,6.219.189.65,115.161.42.77,TCP,249254,1
2024-09-17 06:34:00,106.28.25.1,41.112.221.238,UDP,82029,1
2024-09-17 06:41:00,184.72.217.172,44.32.12.86,UDP,484356,0
2024-09-17 06:43:00,102.79.8.23,178.10.23.127,UDP,14603,1
2024-09-17 06:51:00,192.205.179.29,57.13.8.47,TCP,484947,0
2024-09-17 06:56:00,21.20.168.56,236.160.15.23,TCP,396621,0
2024-09-17 07:02:00,209.104.202.170,145.127.161.25,UDP,349665,1
2024-09-17 07:06:00,20.86.147.242,191.26.222.124,TCP,346230,1
2024-09-17 07:11:00,170.134.132.37,214.148.80.87,UDP,331775,1
2024-09-17 07:20:00,182.235.169.0,10.11.126.164,UDP,158946,0
2024-09-17 07:24:00,210.34.148.190,66.142.9.245,TCP,21505,1
2024-09-17 07:25:00,139.220.4.17,27.8.121.88,UDP,143973,1
2024-09-17 07:30:00,94.88.169.137,67.181.141.129,UDP,439056,1
2024-09-17 07:34:00,52.192.251.141,77.41.170.248,UDP,141954,1
2024-09-17 07:37:00,173.176.36.194,223.27.93.196,UDP,476778,1
2024-09-17 07:39:00,134.5.161.156,10.24.23.137,UDP,389301,0
2024-09-17 07:43:00,154.102.105.100,147.102.222.143,UDP,270267,0
2024-09-17 07:47:00,242.198.231.130,229.31.169.144,TCP,246987,1
2024-09-17 07:52:00,96.80.251.116,244.114.106.196,TCP,387642,0
2024-09-17 07:56:00,241.248.213.92,152.72.65.82,UDP,312883,1
2024-09-17 07:57:00,251.135.133.164,82.218.79.227,TCP,427617,1
2024-09-17 08:07:00,145.202.202.177,249.45.236.53,UDP,306436,1
2024-09-17 08:14:00,136.96.114.106,105.33.175.126,TCP,76180,1
2024-09-17 08:23:00,250.9.28.34,35.36.23.159,TCP,186761,0
2024-09-17 08:25:00,58.138.131.1,235.138.196.231,UDP,440643,1
2024-09-17 08:29:00,183.87.218.8,96.119.215.129,TCP,408626,1
2024-09-17 08:36:00,61.185.255.141,150.170.196.201,TCP,482603,1
2024-09-17 08:39:00,184.41.3.181,82.97.170.253,TCP,269341,1
2024-09-17 08:43:00,194.114.107.123,185.89.97.249,UDP,350108,0
2024-09-17 08:51:00,179.208.126.253,190.24.14.180,TCP,155441,0
2024-09-17 08:55:00,96.50.126.46,250.53.128.187,TCP,13488,0
2024-09-17 09:05:00,149.60.113.6,65.96.165.169,TCP,422674,0
2024-09-17 09:06:00,22.182.6.46,51.115.136.202,TCP,220971,1
2024-09-17 09:08:00,252.47.47.242,137.204.251.53,UDP,346503,1
2024-09-17 09:11:00,111.190.96.200,55.112.37.233,TCP,18316,1
2024-09-17 09:18:00,169.122.80.5,114.201.118.69,UDP,424105,1
2024-09-17 09:26:00,212.232.195.171,70.216.9.100,TCP,26560,0
2024-09-17 09:27:00,107.187.41.113,222.24.135.195,TCP,292449,0
2024-09-17 09:36:00,44.122.132.226,115.195.217.53,TCP,209307,0
2024-09-17 09:43:00,186.37.11.151,208.169.154.159,UDP,370481,1
2024-09-17 09:48:00,245.44.213.40,124.200.86.33,TCP,118440,1
2024-09-17 09:58:00,143.145.36.227,165.25.179.39,TCP,306726,1
2024-09-17 10:00:00,148.36.212.59,223.237.97.112,TCP,40965,0
2024-09-17 10:03:00,80.61.8.96,137.204.71.202,UDP,219277,1
2024-09-17 10:05:00,193.145.88.122,239.154.106.167,TCP,256435,0
2024-09-17 10:14:00,4.199.49.255,149.177.143.218,UDP,318016,1
2024-09-17 10:22:00,202.154.235.251,85.182.103.97,UDP,468284,0
2024-09-17 10:25:00,115.237.106.65,11.80.70.113,TCP,428700,0
2024-09-17 10:30:00,152.28.124.144,107.49.175.229,UDP,177788,1
2024-09-17 10:37:00,211.129.36.101,88.231.94.217,UDP,42913,1
2024-09-17 10:44:00,244.167.197.65,200.243.93.39,TCP,87664,0
2024-09-17 10:53:00,57.153.196.138,15.153.106.93,UDP,415875,1
2024-09-17 11:02:00,54.119.166.167,171.103.86.98,UDP,364420,1
2024-09-17 11:09:00,233.167.69.125,255.135.157.202,UDP,328163,1
2024-09-17 11:17:00,94.44.6.79,116.72.255.140,TCP,460436,0
2024-09-17 11:22:00,173.127.87.167,45.153.192.159,TCP,124769,0
2024-09-17 11:30:00,218.130.114.28,27.73.228.81,TCP,198103,0
2024-09-17 11:33:00,20.46.111.158,25.4.216.103,TCP,302060,0
2024-09-17 11:35:00,132.161.248.68,158.196.138.65,TCP,297068,0
2024-09-17 11:38:00,146.35.183.105,70.209.145.78,UDP,168020,0
2024-09-17 11:41:00,207.170.226.121,255.174.192.127,UDP,190957,1
2024-09-17 11:44:00,139.49.69.2,212.167.78.124,TCP,24031,0
2024-09-17 11:53:00,126.125.66.154,22.245.210.111,TCP,448702,1
2024-09-17 11:59:00,162.254.35.76,155.101.243.231,TCP,243430,1
2024-09-17 12:07:00,7.84.67.59,215.18.83.38,TCP,30192,1
2024-09-17 12:14:00,90.116.93.192,68.113.4.183,UDP,464561,0
2024-09-17 12:20:00,158.207.34.44,252.108.80.146,TCP,290958,1
2024-09-17 12:29:00,96.246.230.141,118.158.27.225,TCP,477158,0
2024-09-17 12:34:00,151.144.150.194,223.9.183.167,TCP,150047,0
2024-09-17 12:38:00,138.121.139.133,213.254.214.158,UDP,460311,0
2024-09-17 12:44:00,155.95.121.194,41.130.221.111,UDP,8912,0
2024-09-17 12:46:00,67.245.162.121,244.244.131.73,UDP,127438,1
2024-09-17 12:50:00,198.210.244.127,184.109.127.160,UDP,288797,0
2024-09-17 12:59:00,37.62.164.249,190.166.44.115,UDP,382921,1
2024-09-17 13:00:00,249.34.87.204,43.26.244.30,UDP,39954,1
2024-09-17 13:01:00,30.207.118.171,192.134.135.133,TCP,250101,0
2024-09-17 13:08:00,113.21.42.144,58.105.185.244,TCP,44908,1
2024-09-17 13:18:00,232.50.31.147,133.114.164.75,TCP,474894,1
2024-09-17 13:20:00,81.61.45.227,80.254.218.244,TCP,420705,0
2024-09-17 13:24:00,228.184.149.208,111.47.116.247,TCP,153371,1
2024-09-17 13:34:00,192.88.70.132,179.67.194.251,TCP,61558,1
2024-09-17 13:38:00,223.26.77.140,117.214.133.191,TCP,43026,0
2024-09-17 13:48:00,166.153.131.10,74.69.209.75,TCP,319853,1
2024-09-17 13:54:00,179.134.24.19,29.250.92.141,UDP,207541,1
2024-09-17 14:04:00,75.41.16.196,137.135.219.32,TCP,27224,0
2024-09-17 14:14:00,118.110.62.18,87.219.254.19,TCP,241782,0
2024-09-17 14:16:00,130.200.195.116,49.85.23.40,UDP,223530,1
2024-09-17 14:21:00,189.207.92.35,214.124.101.9,TCP,397606,1
2024-09-17 14:27:00,118.16.126.26,207.21.8.165,TCP,434279,1
2024-09-17 14:30:00,135.87.171.205,118.207.54.100,UDP,269442,0
2024-09-17 14:35:00,86.63.97.54,196.74.33.48,TCP,235732,0
2024-09-17 14:36:00,226.99.44.172,242.62.45.62,UDP,30306,0
2024-09-17 14:46:00,205.28.65.71,212.1.70.197,UDP,432513,0
2024-09-17 14:54:00,155.207.56.25,100.77.96.215,TCP,281218,1
2024-09-17 15:03:00,167.23.23.24,202.103.20.4,TCP,406630,1
2024-09-17 15:05:00,37.3.52.78,79.153.141.221,UDP,83135,1
2024-09-17 15:10:00,196.28.128.198,141.232.30.226,UDP,184243,0
2024-09-17 15:20:00,236.163.67.198,117.120.180.147,TCP,25860,0
2024-09-17 15:26:00,216.22.38.129,254.244.74.185,TCP,372776,1
2024-09-17 15:28:00,214.51.171.138,160.211.33.217,UDP,298850,1
2024-09-17 15:29:00,144.137.162.251,63.129.114.61,TCP,451028,0
2024-09-17 15:31:00,44.138.162.10,236.66.224.191,TCP,31455,1
2024-09-17 15:36:00,209.109.73.85,163.224.236.152,TCP,206023,0
2024-09-17 15:42:00,187.72.43.198,254.115.211.82,TCP,346854,1
2024-09-17 15:52:00,36.237.141.50,220.156.145.111,TCP,238475,0
2024-09-17 16:01:00,7.217.221.127,189.82.14.141,TCP,244952,0
2024-09-17 16:04:00,69.247.43.97,159.230.151.178,TCP,433366,1
2024-09-17 16:06:00,232.43.145.110,250.132.13.238,TCP,11388,1
2024-09-17 16:10:00,240.91.32.215,100.68.63.195,UDP,242496,1
2024-09-17 16:19:00,5.251.6.89,57.219.110.241,TCP,169516,0
2024-09-17 16:27:00,190.21.142.5,72.25.125.67,UDP,298448,1
2024-09-17 16:31:00,167.131.30.96,211.170.106.252,TCP,357521,0
2024-09-17 16:40:00,74.127.83.250,84.159.201.210,UDP,273572,1
2024-09-17 16:46:00,247.220.46.65,82.122.172.96,UDP,347675,1
2024-09-17 16:56:00,169.81.134.252,251.80.119.183,TCP,17704,1
2024-09-17 16:59:00,57.106.154.158,160.60.125.152,TCP,212231,0
2024-09-17 17:05:00,228.216.111.98,240.146.238.199,TCP,396021,0
2024-09-17 17:15:00,97.123.66.222,142.39.59.213,UDP,202168,0
2024-09-17 17:17:00,138.212.41.245,203.57.184.34,UDP,251540,0
2024-09-17 17:18:00,197.11.203.151,88.127.231.3,TCP,228391,0
2024-09-17 17:20:00,241.254.125.143,139.128.18.37,UDP,153732,0
2024-09-17 17:22:00,35.10.232.104,129.30.185.136,TCP,315298,0
2024-09-17 17:25:00,76.1.56.101,243.47.100.75,UDP,496970,1
2024-09-17 17:30:00,33.185.128.143,109.144.48.166,UDP,178952,1
2024-09-17 17:38:00,88.109.86.90,36.198.137.18,TCP,236637,0
2024-09-17 17:40:00,180.12.228.9,197.18.7.53,UDP,3262,1
2024-09-17 17:47:00,68.65.68.222,82.124.239.13,TCP,168325,1
2024-09-17 17:53:00,231.84.92.213,77.149.210.32,TCP,144336,0
2024-09-17 18:03:00,64.0.32.180,62.101.47.159,TCP,52493,0
2024-09-17 18:10:00,160.59.202.61,66.231.126.110,UDP,410197,0
2024-09-17 18:11:00,81.85.59.109,47.169.80.140,UDP,78679,1
2024-09-17 18:13:00,141.34.73.124,239.212.93.243,UDP,197793,0
2024-09-17 18:18:00,207.64.116.175,115.184.173.37,TCP,367917,0
2024-09-17 18:24:00,172.161.3.65,75.5.161.147,TCP,417349,1
2024-09-17 18:25:00,218.33.78.127,237.54.124.230,UDP,57882,0
2024-09-17 18:33:00,30.11.111.21,18.148.4.254,UDP,285195,1
2024-09-17 18:34:00,99.174.233.220,14.137.200.112,UDP,473043,0
2024-09-17 18:44:00,128.139.17.118,16.115.99.229,TCP,419153,0
2024-09-17 18:48:00,174.65.220.45,79.29.51.157,TCP,256007,0
2024-09-17 18:56:00,89.118.11.10,155.226.204.204,UDP,143737,0
2024-09-17 19:06:00,223.117.159.211,146.18.235.84,TCP,71441,0
2024-09-17 19:13:00,189.109.242.99,152.74.110.64,TCP,284442,1
2024-09-17 19:19:00,191.117.174.252,147.24.13.203,TCP,301070,0
2024-09-17 19:22:00,87.146.158.226,165.65.247.124,UDP,415185,0
2024-09-17 19:24:00,101.200.141.96,195.117.46.77,UDP,217902,0
2024-09-17 19:25:00,227.221.73.174,111.197.157.125,UDP,25636,0
2024-09-17 19:28:00,250.245.79.229,190.208.196.171,TCP,185100,1
2024-09-17 19:34:00,198.228.27.225,22.119.167.254,TCP,482369,1
2024-09-17 19:44:00,1.53.119.130,119.82.238.115,TCP,125450,0
2024-09-17 19:48:00,100.243.91.197,9.226.235.34,TCP,95246,0
2024-09-17 19:58:00,109.232.26.182,178.86.20.159,TCP,130004,0
2024-09-17 20:06:00,47.133.161.235,225.138.238.168,TCP,54182,0
2024-09-17 20:13:00,220.72.104.88,20.121.249.132,UDP,43536,0
2024-09-17 20:17:00,24.243.182.115,61.157.79.131,UDP,288810,1
2024-09-17 20:24:00,156.104.142.170,130.106.18.101,UDP,36412,1
2024-09-17 20:26:00,54.196.208.66,118.180.191.240,TCP,224661,1
2024-09-17 20:29:00,225.127.94.66,183.113.101.63,UDP,219867,0
2024-09-17 20:30:00,148.139.104.72,73.118.119.189,TCP,56544,1
2024-09-17 20:35:00,45.36.17.57,226.62.209.183,TCP,397178,0
2024-09-17 20:36:00,133.216.60.231,225.121.219.250,UDP,379580,0
2024-09-17 20:41:00,186.162.35.188,57.254.202.65,UDP,113205,1
2024-09-17 20:46:00,87.147.144.254,14.196.96.111,UDP,299818,0
2024-09-17 20:54:00,125.58.160.124,121.141.100.248,UDP,207340,1
2024-09-17 21:00:00,157.88.199.109,177.75.102.47,TCP,126849,1
2024-09-17 21:09:00,79.146.13.7,164.140.3.210,TCP,449668,0
2024-09-17 21:18:00,208.12.164.33,140.69.189.72,TCP,131573,1
2024-09-17 21:24:00,228.0.18.174,32.38.93.245,TCP,210114,0
2024-09-17 21:26:00,1.232.130.209,51.99.131.90,TCP,221796,0
2024-09-17 21:28:00,164.170.22.193,177.50.163.254,TCP,278631,0
2024-09-17 21:32:00,107.14.182.156,237.15.5.1,TCP,307371,1
2024-09-17 21:38:00,24.207.61.213,216.16.16.14,TCP,460340,0
2024-09-17 21:46:00,5.3.186.74,31.23.84.21,TCP,182390,1
2024-09-17 21:48:00,53.146.235.89,223.12.192.202,TCP,107226,0
2024-09-17 21:50:00,163.215.1.40,100.221.99.114,TCP,29274,0
2024-09-17 21:57:00,5.12.194.74,176.207.220.182,UDP,100311,1
2024-09-17 22:00:00,209.175.79.239,16.18.165.123,UDP,348143,1
2024-09-17 22:07:00,40.18.242.112,143.12.24.203,TCP,409393,1
2024-09-17 22:08:00,67.107.34.53,60.90.84.163,TCP,415078,1
2024-09-17 22:16:00,246.77.132.199,123.30.83.131,TCP,336877,1
2024-09-17 22:21:00,63.199.6.218,2.189.46.57,TCP,61269,1
2024-09-17 22:22:00,190.84.19.174,46.43.35.251,UDP,185390,1
2024-09-17 22:29:00,203.13.234.8,125.45.180.218,UDP,469437,1
2024-09-17 22:30:00,4.98.94.211,95.156.239.173,TCP,398656,1
2024-09-17 22:32:00,208.253.19.65,145.224.56.239,UDP,398417,0
2024-09-17 22:40:00,29.45.211.105,237.71.25.5,UDP,57298,0
2024-09-17 22:48:00,99.124.208.101,98.203.183.231,UDP,299025,1
2024-09-17 22:51:00,210.41.19.59,198.162.109.112,TCP,282840,1
2024-09-17 22:52:00,41.55.185.124,245.112.188.59,UDP,372412,1
2024-09-17 22:54:00,30.227.4.64,158.52.90.213,UDP,193610,0
2024-09-17 22:55:00,57.66.189.146,150.57.26.211,TCP,442063,0
2024-09-17 23:04:00,247.110.124.55,117.48.128.153,TCP,466330,0
2024-09-17 23:07:00,123.128.205.33,150.49.62.82,TCP,11487,0
2024-09-17 23:17:00,234.127.27.170,218.193.226.122,UDP,357916,1
2024-09-17 23:25:00,113.39.102.152,237.12.131.120,TCP,332819,0
2024-09-17 23:27:00,197.79.156.49,50.62.123.166,UDP,170166,0
2024-09-17 23:34:00,129.14.212.10,63.238.248.94,UDP,409995,1
2024-09-17 23:40:00,184.70.238.69,68.35.210.132,UDP,283160,0
2024-09-17 23:42:00,114.50.61.124,203.194.23.127,TCP,262067,1
2024-09-17 23:48:00,56.236.90.33,203.193.81.118,TCP,4743,1
2024-09-17 23:52:00,166.85.124.98,42.123.213.107,UDP,33267,0
2024-09-18 00:00:00,138.220.153.23,94.203.186.131,TCP,213313,0
2024-09-18 00:05:00,177.96.93.59,116.34.228.134,UDP,365249,0
2024-09-18 00:15:00,224.148.226.227,81.218.117.117,UDP,81923,1
2024-09-18 00:20:00,248.31.40.91,160.1.204.203,UDP,71771,1
2024-09-18 00:28:00,107.234.6.143,183.116.66.92,UDP,299559,1
2024-09-18 00:38:00,21.255.6.178,213.25.230.85,TCP,171029,1
2024-09-18 00:48:00,160.98.172.223,39.33.191.179,UDP,436055,0
2024-09-18 00:55:00,31.250.141.242,110.229.39.150,TCP,62433,0
2024-09-18 00:59:00,122.64.217.181,70.95.58.51,TCP,155932,1
2024-09-18 01:04:00,26.122.123.18,159.194.4.48,UDP,129076,0
2024-09-18 01:08:00,99.48.62.209,238.213.189.247,UDP,222864,1
2024-09-18 01:10:00,172.63.19.10,204.35.34.226,TCP,407961,1
2024-09-18 01:12:00,3.117.106.111,240.134.75.219,UDP,377388,1
2024-09-18 01:18:00,10.123.41.48,58.147.61.150,TCP,461898,1
2024-09-18 01:24:00,35.156.98.5,190.99.119.134,TCP,306915,0
2024-09-18 01:31:00,148.20.248.7,221.209.16.200,TCP,68407,0
2024-09-18 01:41:00,213.250.34.220,9.14.208.101,TCP,432470,1
2024-09-18 01:50:00,206.226.205.74,117.207.166.128,UDP,334548,1
2024-09-18 01:58:00,186.27.64.84,126.90.32.127,TCP,198189,0
2024-09-18 01:59:00,134.65.215.206,166.233.58.17,TCP,269309,0
2024-09-18 02:07:00,90.236.157.30,238.154.46.251,TCP,343554,0
2024-09-18 02:10:00,157.63.236.151,115.218.169.165,TCP,384409,1
2024-09-18 02:13:00,169.184.81.206,101.132.13.25,TCP,124680,1
2024-09-18 02:17:00,37.37.231.23,191.206.217.160,UDP,445767,0
2024-09-18 02:23:00,73.212.35.29,50.187.207.230,TCP,345508,1
2024-09-18 02:24:00,183.210.73.20,169.212.34.134,UDP,451207,0
2024-09-18 02:32:00,186.167.65.230,159.203.9.6,UDP,185590,1
2024-09-18 02:38:00,175.31.79.63,66.98.150.136,TCP,230276,0
2024-09-18 02:41:00,135.135.136.168,208.106.158.34,TCP,173064,0
2024-09-18 02:44:00,167.203.38.19,190.128.224.27,TCP,374003,0
2024-09-18 02:49:00,186.232.235.184,34.151.102.197,TCP,320564,1
2024-09-18 02:54:00,153.132.20.193,228.233.213.115,TCP,148468,1
2024-09-18 03:02:00,235.24.78.146,208.247.64.85,UDP,185233,1
2024-09-18 03:11:00,36.132.55.104,23.92.240.39,UDP,222496,0
2024-09-18 03:13:00,1.55.42.18,248.73.55.161,UDP,303580,1
2024-09-18 03:14:00,71.224.82.243,195.39.91.244,TCP,282207,1
2024-09-18 03:22:00,201.87.59.141,49.103.164.79,TCP,284209,1
2024-09-18 03:27:00,53.192.240.9,174.164.140.115,UDP,401344,0
2024-09-18 03:34:00,52.32.217.132,70.17.206.136,TCP,352942,0
2024-09-18 03:44:00,66.216.31.168,122.211.110.49,TCP,48503,1
2024-09-18 03:50:00,174.54.12.10,145.34.174.52,TCP,37301,1
2024-09-18 03:54:00,37.166.187.235,121.101.179.217,TCP,356180,1
2024-09-18 03:57:00,154.185.28.18,69.223.114.16,UDP,424673,1
2024-09-18 03:59:00,193.109.154.220,230.82.191.76,TCP,19276,0
2024-09-18 04:01:00,90.57.161.84,3.12.33.110,TCP,14514,0
2024-09-18 04:10:00,68.72.45.74,112.9.61.15,TCP,141008,1
2024-09-18 04:17:00,110.104.50.192,166.108.247.76,UDP,312000,0
2024-09-18 04:26:00,131.55.83.61,33.230.168.188,TCP,475049,1
2024-09-18 04:31:00,143.229.235.233,35.151.81.156,UDP,248145,1
2024-09-18 04:39:00,230.255.7.119,137.193.82.144,UDP,140010,0
2024-09-18 04:45:00,241.11.168.7,156.60.19.128,UDP,344940,1
2024-09-18 04:48:00,180.57.206.100,6.76.131.104,UDP,191896,0
2024-09-18 04:52:00,50.36.175.8,220.117.192.186,TCP,79170,0
2024-09-18 04:58:00,184.163.126.160,2.58.23.136,TCP,121478,1
2024-09-18 05:05:00,227.36.188.79,217.118.228.74,TCP,367242,1
2024-09-18 05:08:00,222.223.37.249,146.17.118.66,UDP,155256,0
2024-09-18 05:17:00,23.49.92.107,3.45.246.18,TCP,417520,1
2024-09-18 05:19:00,132.241.146.32,219.99.22.67,UDP,51451,1
2024-09-18 05:23:00,47.22.167.31,230.189.34.59,UDP,409292,1
2024-09-18 05:33:00,167.58.201.168,168.72.178.103,UDP,56244,0
2024-09-18 05:34:00,105.192.17.57,214.167.217.41,UDP,400046,1
2024-09-18 05:36:00,230.115.104.252,35.235.165.158,UDP,373556,1
2024-09-18 05:40:00,140.157.87.175,207.54.170.196,UDP,126145,1
2024-09-18 05:48:00,230.212.185.196,27.35.184.40,UDP,236270,0
2024-09-18 05:50:00,138.65.173.2,130.217.77.42,TCP,473390,0
2024-09-18 05:52:00,9.40.221.134,101.29.179.2,UDP,325678,0
2024-09-18 06:01:00,191.223.144.154,254.57.7.148,TCP,414277,0
2024-09-18 06:06:00,236.132.186.98,205.52.233.247,UDP,401166,0
2024-09-18 06:13:00,91.204.56.136,214.254.215.4,TCP,250343,1
2024-09-18 06:23:00,66.174.177.192,183.97.214.150,TCP,87404,0
2024-09-18 06:27:00,52.75.232.81,185.22.138.253,TCP,43627,1
2024-09-18 06:28:00,132.76.129.86,101.173.124.199,UDP,96576,1
2024-09-18 06:37:00,10.131.187.225,32.140.178.237,UDP,210054,1
2024-09-18 06:44:00,120.129.43.35,41.104.24.253,UDP,210274,0
2024-09-18 06:46:00,84.253.60.177,177.97.79.73,UDP,76894,0
2024-09-18 06:56:00,18.58.125.19,58.111.128.220,UDP,228346,1
2024-09-18 06:57:00,80.97.130.251,177.125.100.121,UDP,336531,0
2024-09-18 07:03:00,104.4.244.181,10.192.198.105,UDP,100400,1
2024-09-18 07:06:00,188.202.72.91,21.144.17.4,TCP,239485,1
2024-09-18 07:16:00,124.198.187.172,73.219.102.238,TCP,401486,0
2024-09-18 07:19:00,167.27.187.66,72.58.138.202,TCP,282180,0
2024-09-18 07:20:00,149.118.145.135,34.148.198.15,TCP,456590,1
2024-09-18 07:21:00,131.208.110.44,71.27.58.119,UDP,443523,0
2024-09-18 07:23:00,25.181.140.247,48.169.31.47,UDP,111045,0
2024-09-18 07:24:00,171.18.141.246,61.118.77.79,TCP,325875,0
2024-09-18 07:34:00,242.58.208.28,107.15.115.254,UDP,149087,1
2024-09-18 07:39:00,27.23.74.235,161.182.121.120,TCP,464469,1
2024-09-18 07:45:00,24.177.229.23,207.150.40.169,UDP,209986,0
2024-09-18 07:49:00,143.35.123.107,87.114.112.158,UDP,331811,0
2024-09-18 07:54:00,52.165.60.35,56.205.2.35,TCP,282782,1
2024-09-18 08:01:00,34.73.108.58,232.53.138.253,UDP,248269,0
2024-09-18 08:11:00,154.220.173.42,244.169.11.225,TCP,248004,0
2024-09-18 08:17:00,187.229.169.197,44.199.115.200,TCP,276611,0
2024-09-18 08:22:00,132.112.85.1,18.131.246.132,UDP,248918,0
2024-09-18 08:27:00,151.225.147.148,209.77.119.87,TCP,279001,0
2024-09-18 08:28:00,198.16.14.210,2.25.128.170,UDP,69338,1
2024-09-18 08:37:00,117.7.145.91,219.23.250.92,UDP,61879,1
2024-09-18 08:39:00,28.123.11.147,25.26.16.186,UDP,316876,1
2024-09-18 08:44:00,43.22.73.223,174.13.106.149,TCP,126245,1
2024-09-18 08:54:00,165.89.46.113,51.107.18.213,TCP,27523,0
2024-09-18 08:55:00,97.57.101.111,92.3.138.141,TCP,140881,1
2024-09-18 09:05:00,89.226.140.65,47.230.139.104,TCP,324715,0
2024-09-18 09:13:00,214.88.189.175,136.54.33.106,UDP,12519,0
2024-09-18 09:22:00,97.240.132.23,172.118.12.57,UDP,347449,1
2024-09-18 09:24:00,63.3.102.124,62.211.220.64,TCP,6394,0
2024-09-18 09:30:00,158.8.173.55,62.192.1.57,TCP,464940,0
2024-09-18 09:39:00,191.212.10.28,139.196.15.208,UDP,300571,1
2024-09-18 09:41:00,18.210.18.70,206.195.232.102,UDP,8191,1
2024-09-18 09:42:00,133.109.40.57,141.132.177.131,UDP,482839,0
2024-09-18 09:50:00,236.200.242.71,229.83.183.4,TCP,228366,0
2024-09-18 09:52:00,17.111.174.86,24.22.142.62,UDP,140243,0
2024-09-18 09:55:00,179.31.176.37,156.58.86.229,UDP,54463,1
2024-09-18 10:02:00,149.64.216.100,231.255.31.95,TCP,4915,1
2024-09-18 10:06:00,104.237.35.20,235.176.245.224,TCP,158539,0
2024-09-18 10:16:00,48.198.112.130,112.42.156.2,TCP,335622,1
2024-09-18 10:21:00,169.89.181.21,202.27.249.234,TCP,337101,1
2024-09-18 10:29:00,218.29.210.211,22.66.121.53,TCP,477203,1
2024-09-18 10:32:00,145.193.102.16,182.66.39.12,UDP,424649,1
2024-09-18 10:33:00,74.123.228.62,114.252.112.119,UDP,497197,1
2024-09-18 10:39:00,222.229.53.72,148.56.169.130,TCP,409318,1
2024-09-18 10:40:00,250.67.90.92,92.105.215.5,TCP,298093,1
2024-09-18 10:45:00,114.209.77.9,81.171.198.44,UDP,28868,0
2024-09-18 10:49:00,255.3.207.228,82.210.169.209,TCP,29161,1
2024-09-18 10:57:00,240.229.141.184,244.249.192.110,UDP,172642,1
2024-09-18 11:02:00,188.36.108.35,228.11.187.92,TCP,196357,0
2024-09-18 11:11:00,168.183.150.201,28.22.146.36,UDP,46416,0
2024-09-18 11:17:00,62.29.240.71,251.82.87.95,UDP,243481,1
2024-09-18 11:27:00,119.231.5.86,58.243.128.95,UDP,93910,0
2024-09-18 11:34:00,30.61.20.148,200.179.190.229,TCP,73532,1
2024-09-18 11:36:00,165.0.184.102,165.108.98.0,TCP,485146,0
2024-09-18 11:44:00,116.30.37.170,54.20.70.215,UDP,359870,0
2024-09-18 11:52:00,35.234.244.221,125.176.165.98,TCP,174752,1
2024-09-18 12:00:00,52.12.40.171,145.204.126.84,TCP,198481,1
2024-09-18 12:03:00,153.20.7.85,168.237.59.79,TCP,282920,1
2024-09-18 12:10:00,0.24.24.243,222.230.2.112,UDP,168840,0
2024-09-18 12:20:00,44.75.147.206,37.91.119.192,UDP,147793,1
2024-09-18 12:27:00,236.106.206.230,235.88.228.38,UDP,435671,1
2024-09-18 12:28:00,84.18.46.74,204.176.188.247,UDP,219040,0
2024-09-18 12:32:00,202.195.230.191,178.169.29.98,TCP,303640,0
2024-09-18 12:35:00,195.190.146.247,100.105.190.136,TCP,465946,1
2024-09-18 12:41:00,237.189.169.246,151.196.147.17,TCP,177430,0
2024-09-18 12:42:00,222.131.34.253,187.237.180.172,UDP,161535,0
2024-09-18 12:46:00,172.155.84.239,90.142.117.127,TCP,135069,0
2024-09-18 12:50:00,178.7.101.89,20.98.224.85,TCP,230751,0
2024-09-18 12:55:00,119.247.11.130,166.147.55.221,UDP,198449,0
2024-09-18 13:04:00,63.223.46.173,235.62.118.31,UDP,212922,0
2024-09-18 13:08:00,184.92.17.41,58.125.155.208,UDP,496009,1
2024-09-18 13:17:00,53.165.58.89,244.11.24.20,UDP,360495,0
2024-09-18 13:25:00,213.9.17.129,233.90.34.165,UDP,100663,1
2024-09-18 13:35:00,142.23.105.198,97.8.213.35,TCP,59729,0
2024-09-18 13:44:00,106.112.142.40,149.207.22.42,UDP,198962,1
2024-09-18 13:50:00,75.3.194.82,171.43.8.44,TCP,135318,1
2024-09-18 14:00:00,143.88.112.126,27.5.244.83,UDP,157182,0
2024-09-18 14:01:00,231.180.146.131,144.247.205.196,UDP,323963,0
2024-09-18 14:03:00,136.66.121.54,205.82.66.80,TCP,322033,1
2024-09-18 14:05:00,233.63.84.152,105.0.16.120,UDP,380446,0
2024-09-18 14:09:00,165.103.103.32,130.46.4.122,TCP,35960,0
2024-09-18 14:10:00,235.131.8.115,167.42.233.153,UDP,82726,1
2024-09-18 14:14:00,213.34.211.169,168.53.96.102,UDP,182190,0
2024-09-18 14:21:00,2.167.56.90,0.169.115.218,TCP,153103,0
2024-09-18 14:23:00,5.34.154.83,164.252.7.117,TCP,488479,0
2024-09-18 14:25:00,127.167.99.217,2.234.121.121,TCP,497545,1
2024-09-18 14:28:00,154.158.5.63,64.173.81.156,UDP,60148,0
2024-09-18 14:35:00,110.225.70.250,232.162.42.210,TCP,88823,0
2024-09-18 14:43:00,73.160.102.229,90.248.6.156,TCP,109455,1
2024-09-18 14:49:00,186.6.122.223,64.134.131.82,TCP,101328,0
2024-09-18 14:50:00,88.183.183.176,125.71.28.119,TCP,108211,1
2024-09-18 14:51:00,220.86.199.122,162.240.91.80,TCP,57832,1
2024-09-18 14:54:00,215.197.41.222,127.237.91.116,UDP,164444,0
2024-09-18 14:57:00,107.89.247.158,226.199.135.51,TCP,109037,1
2024-09-18 15:07:00,27.253.20.223,77.188.71.75,TCP,64447,0
2024-09-18 15:11:00,39.168.125.99,165.233.239.149,UDP,435040,1
2024-09-18 15:14:00,108.72.75.220,246.135.193.218,UDP,475851,1
2024-09-18 15:17:00,206.86.10.179,117.87.29.243,UDP,323665,0
2024-09-18 15:20:00,182.117.134.133,29.161.36.200,UDP,44385,1
2024-09-18 15:21:00,233.230.159.20,77.135.199.195,UDP,164878,1
2024-09-18 15:25:00,208.127.206.74,81.137.43.210,UDP,236294,1
2024-09-18 15:34:00,170.15.238.152,246.152.34.240,TCP,318150,1
2024-09-18 15:40:00,147.234.135.1,23.123.101.164,UDP,490104,0
2024-09-18 15:45:00,202.252.74.156,125.158.93.11,TCP,74676,1
2024-09-18 15:51:00,172.141.167.20,49.196.102.163,TCP,32468,0
2024-09-18 16:01:00,153.70.111.117,191.165.114.230,TCP,272540,0
2024-09-18 16:09:00,18.122.82.35,55.102.193.125,UDP,187588,0
2024-09-18 16:10:00,206.26.24.185,60.69.241.66,TCP,158913,1
2024-09-18 16:18:00,169.255.193.237,111.133.125.65,TCP,197955,1
2024-09-18 16:19:00,9.212.57.145,62.175.89.120,UDP,33085,0
2024-09-18 16:21:00,63.101.200.22,240.239.191.86,UDP,480191,1
2024-09-18 16:24:00,166.78.12.108,111.250.235.41,UDP,398198,1
2024-09-18 16:28:00,178.179.108.158,184.227.147.31,UDP,377846,0
2024-09-18 16:35:00,68.102.42.137,244.94.212.108,UDP,321388,0
2024-09-18 16:39:00,31.2.60.153,184.7.15.229,TCP,128273,1
2024-09-18 16:45:00,60.94.113.217,77.36.74.131,TCP,162997,0
2024-09-18 16:47:00,35.235.148.74,145.27.137.249,UDP,63099,0
2024-09-18 16:55:00,29.197.75.176,131.24.249.118,UDP,334870,0
2024-09-18 17:04:00,43.205.249.170,195.183.231.159,UDP,112395,0
2024-09-18 17:05:00,103.223.7.50,95.126.112.148,TCP,304968,1
2024-09-18 17:10:00,114.136.178.37,161.33.140.23,UDP,280364,1
2024-09-18 17:16:00,226.238.230.85,206.30.86.243,UDP,117810,1
2024-09-18 17:20:00,117.56.178.37,245.221.134.198,TCP,102538,1
2024-09-18 17:22:00,129.102.74.48,81.54.246.127,UDP,15367,1
2024-09-18 17:26:00,102.108.198.114,116.99.114.34,UDP,27197,1
2024-09-18 17:29:00,39.65.20.234,208.3.171.120,UDP,2209,1
2024-09-18 17:32:00,193.89.140.69,151.179.46.57,UDP,182010,1
2024-09-18 17:34:00,102.41.145.181,255.220.244.98,TCP,298501,0
2024-09-18 17:42:00,254.169.239.60,48.40.173.133,TCP,239102,1
2024-09-18 17:45:00,107.12.24.234,234.174.155.131,UDP,48184,1
2024-09-18 17:55:00,39.148.35.34,232.227.95.189,UDP,126521,0
2024-09-18 18:00:00,63.152.31.60,176.101.29.85,UDP,382046,1
2024-09-18 18:04:00,5.37.110.247,62.114.192.175,UDP,381348,0
2024-09-18 18:08:00,39.244.183.233,5.15.198.99,UDP,22264,0
2024-09-18 18:16:00,94.172.67.8,42.53.111.155,TCP,244602,0
2024-09-18 18:19:00,248.112.109.213,82.236.234.253,UDP,75182,1
2024-09-18 18:22:00,181.36.143.192,114.129.32.218,UDP,285070,0
2024-09-18 18:26:00,120.232.171.17,129.39.162.54,UDP,73613,0
2024-09-18 18:29:00,113.72.206.246,159.42.2.106,TCP,322559,1
2024-09-18 18:36:00,255.229.110.118,148.25.197.68,TCP,115642,0
2024-09-18 18:42:00,183.50.166.86,174.205.75.14,TCP,216255,1
2024-09-18 18:49:00,169.121.185.144,224.229.220.1,UDP,256431,0
2024-09-18 18:55:00,27.94.171.17,208.48.197.134,UDP,403304,1
2024-09-18 19:02:00,179.130.72.197,17.163.203.48,TCP,320615,1
2024-09-18 19:05:00,186.127.198.1,163.38.91.43,UDP,414909,0
2024-09-18 19:08:00,123.72.192.133,174.201.160.13,TCP,268819,1
2024-09-18 19:09:00,178.160.171.250,34.149.77.189,UDP,237026,0
2024-09-18 19:15:00,149.207.172.195,55.112.244.82,UDP,294253,1
2024-09-18 19:23:00,46.177.75.92,62.238.238.254,TCP,21334,1
2024-09-18 19:33:00,22.211.211.236,187.130.18.177,TCP,188198,0
2024-09-18 19:34:00,221.139.120.207,166.18.110.60,UDP,199491,1
2024-09-18 19:41:00,125.48.46.43,117.197.87.137,TCP,285772,0
2024-09-18 19:44:00,169.71.164.69,61.214.164.86,UDP,384096,1
2024-09-18 19:51:00,39.215.189.12,199.168.174.250,TCP,129358,0
2024-09-18 19:52:00,223.236.188.196,251.168.56.53,TCP,290745,0
2024-09-18 19:56:00,196.68.142.57,201.240.51.79,TCP,150712,0
2024-09-18 20:06:00,8.164.169.85,105.253.70.150,TCP,454068,1
2024-09-18 20:14:00,8.16.195.251,177.15.201.134,TCP,468994,0
2024-09-18 20:15:00,137.10.154.143,189.61.163.20,UDP,13473,0
2024-09-18 20:21:00,157.157.254.6,195.33.172.74,TCP,128443,1
2024-09-18 20:28:00,174.156.58.56,90.244.1.61,UDP,274222,1
2024-09-18 20:31:00,36.218.183.190,67.133.96.99,TCP,415549,1
2024-09-18 20:34:00,135.208.56.73,143.244.128.34,UDP,77868,1
2024-09-18 20:38:00,231.136.183.231,227.184.86.137,UDP,259832,0
2024-09-18 20:46:00,62.238.127.122,120.53.52.169,TCP,127169,0
2024-09-18 20:52:00,150.201.52.159,254.187.126.177,UDP,7379,0
2024-09-18 21:00:00,208.231.64.248,43.88.216.146,TCP,346553,1
2024-09-18 21:10:00,36.192.111.194,116.103.243.1,UDP,378671,1
2024-09-18 21:13:00,187.159.124.23,217.62.15.169,UDP,227738,0
2024-09-18 21:21:00,241.154.47.128,53.138.101.251,UDP,404450,0
2024-09-18 21:22:00,159.178.238.221,145.127.66.223,TCP,382592,1
2024-09-18 21:31:00,34.242.44.146,102.245.139.59,UDP,54768,0
2024-09-18 21:40:00,12.22.67.164,18.39.27.95,TCP,91513,1
2024-09-18 21:44:00,51.41.128.28,126.201.71.223,TCP,226542,1
2024-09-18 21:52:00,108.237.63.17,85.151.139.94,TCP,413718,1
2024-09-18 21:58:00,239.13.183.17,90.116.172.89,UDP,352986,1
2024-09-18 22:02:00,195.3.151.196,122.142.240.104,UDP,38912,1
2024-09-18 22:09:00,254.64.93.223,8.82.238.248,TCP,212062,1
2024-09-18 22:13:00,32.32.231.20,129.178.204.109,TCP,232995,1
2024-09-18 22:21:00,120.212.107.152,30.28.214.17,TCP,298558,1
2024-09-18 22:25:00,159.86.228.36,230.174.33.95,TCP,389435,0
2024-09-18 22:28:00,54.120.225.25,14.208.201.178,TCP,48619,0
2024-09-18 22:38:00,108.137.61.208,109.140.143.56,TCP,428809,1
2024-09-18 22:45:00,119.26.7.159,118.69.80.81,UDP,194966,1
2024-09-18 22:48:00,101.203.126.159,191.0.19.175,UDP,268410,1
2024-09-18 22:52:00,123.219.120.248,25.22.66.166,UDP,442830,0
2024-09-18 22:59:00,191.65.234.7,247.74.133.247,UDP,448095,0
2024-09-18 23:09:00,208.249.88.15,24.191.105.164,UDP,46351,0
2024-09-18 23:16:00,38.246.73.196,188.121.117.114,TCP,383821,1
2024-09-18 23:21:00,232.7.204.78,129.190.179.220,TCP,45321,0
2024-09-18 23:26:00,87.57.55.150,237.198.98.58,UDP,479861,1
2024-09-18 23:32:00,250.28.35.193,64.67.23.59,UDP,197054,0
2024-09-18 23:37:00,250.226.36.18,6.153.42.66,TCP,379321,1
2024-09-18 23:41:00,119.119.176.42,174.186.60.167,TCP,315920,1
2024-09-18 23:49:00,96.216.235.88,129.88.181.247,UDP,453773,1
2024-09-18 23:53:00,43.111.193.145,74.112.17.178,UDP,482809,0
2024-09-18 23:59:00,61.130.14.10,153.160.7.30,TCP,119113,1
2024-09-19 00:07:00,143.227.118.43,112.65.61.230,TCP,497797,1
2024-09-19 00:14:00,145.152.10.132,131.68.119.93,UDP,383182,1
2024-09-19 00:20:00,193.219.6.121,48.57.235.203,TCP,363352,1
2024-09-19 00:28:00,171.11.152.154,244.100.181.45,TCP,400600,0
2024-09-19 00:31:00,192.91.111.163,210.130.32.152,UDP,253814,1
2024-09-19 00:39:00,247.45.163.148,242.199.155.226,TCP,446462,1
2024-09-19 00:43:00,208.46.213.189,134.104.70.72,UDP,238366,1
2024-09-19 00:48:00,15.18.207.171,247.182.114.230,UDP,67502,1
2024-09-19 00:52:00,168.146.171.225,252.220.47.78,TCP,147047,0
2024-09-19 00:53:00,99.99.19.151,237.242.33.184,UDP,442312,1
2024-09-19 00:57:00,147.247.74.176,107.157.105.62,UDP,2007,1
2024-09-19 01:07:00,171.172.7.194,131.5.137.17,UDP,164204,1
2024-09-19 01:08:00,208.144.38.63,210.120.213.135,UDP,52207,0
2024-09-19 01:13:00,89.239.57.190,179.185.22.59,TCP,301010,0
2024-09-19 01:15:00,40.211.121.43,199.216.24.74,TCP,69543,1
2024-09-19 01:18:00,191.116.166.120,14.0.56.92,TCP,301233,0
2024-09-19 01:25:00,212.56.172.234,117.89.254.238,UDP,66559,1
2024-09-19 01:29:00,107.43.193.209,37.86.176.86,TCP,490774,0
2024-09-19 01:39:00,36.25.237.171,244.46.23.48,UDP,298626,0
2024-09-19 01:49:00,168.1.217.112,36.16.66.119,UDP,228590,0
2024-09-19 01:57:00,3.71.122.13,153.204.202.66,TCP,10126,1
2024-09-19 02:03:00,69.7.33.150,71.35.205.103,UDP,359800,1
2024-09-19 02:05:00,64.174.140.93,45.171.148.199,UDP,195803,1
2024-09-19 02:08:00,9.217.245.96,76.80.119.136,TCP,434346,0
2024-09-19 02:11:00,48.208.62.84,241.231.194.18,TCP,482533,0
2024-09-19 02:21:00,9.158.74.235,134.44.25.232,UDP,384137,1
2024-09-19 02:30:00,27.236.158.173,62.45.166.106,UDP,159296,0
2024-09-19 02:39:00,178.182.238.39,5.139.69.203,UDP,253679,1
2024-09-19 02:40:00,138.47.36.34,22.140.208.116,TCP,332211,1
2024-09-19 02:43:00,42.104.96.203,65.27.189.137,UDP,324784,0
2024-09-19 02:51:00,198.249.14.25,205.81.204.62,UDP,217593,1
2024-09-19 02:52:00,97.15.180.187,57.185.1.151,TCP,433395,0
2024-09-19 02:56:00,177.187.68.230,127.192.70.22,UDP,334668,0
2024-09-19 03:04:00,18.141.26.158,155.143.243.138,TCP,118058,1
2024-09-19 03:14:00,146.250.181.119,102.137.4.4,UDP,270238,0
2024-09-19 03:19:00,8.174.116.80,196.150.129.179,UDP,247213,1
2024-09-19 03:28:00,242.229.146.186,8.162.210.216,TCP,179165,1
2024-09-19 03:36:00,44.255.28.253,146.90.95.158,TCP,146112,1
2024-09-19 03:41:00,180.172.82.22,8.18.218.156,TCP,371432,0
2024-09-19 03:50:00,79.188.213.194,65.130.39.165,UDP,113842,0
2024-09-19 03:52:00,216.215.64.45,224.163.109.0,UDP,199668,0
2024-09-19 03:57:00,216.43.176.109,74.71.224.165,TCP,298156,1
2024-09-19 04:00:00,118.122.61.117,183.148.220.5,TCP,80354,1
2024-09-19 04:05:00,83.16.135.2,213.251.240.45,TCP,448972,0
2024-09-19 04:12:00,173.231.124.210,156.122.36.184,TCP,59330,1
2024-09-19 04:22:00,177.50.254.140,60.219.128.6,UDP,153163,0
2024-09-19 04:25:00,11.162.44.39,52.62.70.143,TCP,408806,0
2024-09-19 04:34:00,119.233.91.111,166.127.205.171,TCP,292349,1
2024-09-19 04:36:00,187.144.61.171,12.127.52.187,TCP,447399,0
2024-09-19 04:41:00,16.41.43.85,172.71.131.109,UDP,67791,1
2024-09-19 04:42:00,180.183.92.242,51.205.5.6,TCP,457900,0
2024-09-19 04:45:00,248.200.211.221,239.212.107.161,TCP,101477,1
2024-09-19 04:55:00,56.220.67.244,148.99.86.215,TCP,455431,1
2024-09-19 05:05:00,130.137.67.63,249.169.237.135,TCP,278500,0
2024-09-19 05:07:00,133.126.233.96,254.145.140.235,TCP,392956,0
2024-09-19 05:09:00,111.242.246.186,189.2.4.56,UDP,180984,0
2024-09-19 05:10:00,236.129.231.102,203.197.12.222,UDP,284861,1
2024-09-19 05:14:00,149.0.23.183,192.64.195.59,TCP,325777,0
2024-09-19 05:24:00,31.0.134.134,23.180.223.179,TCP,24518,0
2024-09-19 05:27:00,232.59.172.37,163.114.112.60,UDP,134893,0
2024-09-19 05:36:00,11.222.52.126,162.21.195.37,TCP,487012,1
