Timestamp,CPU_Usage,Disk_IO,Memory_Usage,Label
2024-09-15 12:55:00,98,9343,70,0
2024-09-15 12:57:00,50,5302,65,0
2024-09-15 13:02:00,49,9786,99,0
2024-09-15 13:09:00,51,6689,74,0
2024-09-15 13:16:00,78,7214,82,0
2024-09-15 13:22:00,36,9365,93,0
2024-09-15 13:30:00,42,3992,91,0
2024-09-15 13:38:00,58,8960,61,0
2024-09-15 13:48:00,53,1198,81,0
2024-09-15 13:57:00,66,9799,97,0
2024-09-15 14:00:00,44,3237,53,0
2024-09-15 14:05:00,81,7550,97,0
2024-09-15 14:06:00,59,6195,97,0
2024-09-15 14:11:00,73,3854,63,0
2024-09-15 14:17:00,61,2873,51,0
2024-09-15 14:26:00,65,9050,97,0
2024-09-15 14:35:00,71,8806,52,0
2024-09-15 14:43:00,71,5166,53,0
2024-09-15 14:44:00,96,7614,69,0
2024-09-15 14:47:00,63,1225,93,0
2024-09-15 14:48:00,32,3762,87,0
2024-09-15 14:51:00,36,5125,96,0
2024-09-15 14:59:00,95,2371,83,0
2024-09-15 15:07:00,87,5689,89,0
2024-09-15 15:14:00,81,9197,51,0
2024-09-15 15:21:00,85,5698,76,0
2024-09-15 15:28:00,60,1378,69,0
2024-09-15 15:31:00,33,2328,76,0
2024-09-15 15:34:00,35,5175,53,0
2024-09-15 15:44:00,36,2100,99,0
2024-09-15 15:54:00,90,1184,73,0
2024-09-15 16:03:00,35,8919,82,0
2024-09-15 16:07:00,86,8143,90,0
2024-09-15 16:17:00,33,6265,58,0
2024-09-15 16:19:00,51,9661,67,0
2024-09-15 16:24:00,32,9200,90,0
2024-09-15 16:31:00,79,9458,68,0
2024-09-15 16:34:00,53,2940,64,0
2024-09-15 16:40:00,49,8329,98,0
2024-09-15 16:50:00,33,2386,86,0
2024-09-15 16:59:00,79,7838,87,0
2024-09-15 17:03:00,83,6917,64,0
2024-09-15 17:12:00,65,5191,64,0
2024-09-15 17:18:00,95,2157,99,1
2024-09-15 17:28:00,79,2733,86,0
2024-09-15 17:30:00,47,6138,93,0
2024-09-15 17:34:00,67,1484,78,0
2024-09-15 17:44:00,49,1383,75,0
2024-09-15 17:47:00,65,7899,87,0
2024-09-15 17:55:00,77,4033,74,0
2024-09-15 17:57:00,91,8046,68,0
2024-09-15 18:03:00,55,9820,89,0
2024-09-15 18:07:00,52,3798,52,0
2024-09-15 18:17:00,53,6354,55,0
2024-09-15 18:25:00,68,1805,69,0
2024-09-15 18:27:00,77,3415,56,0
2024-09-15 18:31:00,92,5517,60,0
2024-09-15 18:37:00,83,7829,50,0
2024-09-15 18:40:00,43,4114,77,0
2024-09-15 18:43:00,88,7238,84,0
2024-09-15 18:53:00,47,8876,100,0
2024-09-15 18:57:00,57,6441,67,0
2024-09-15 19:04:00,44,1999,96,0
2024-09-15 19:13:00,54,9055,83,0
2024-09-15 19:18:00,40,6389,55,0
2024-09-15 19:19:00,50,6232,69,0
2024-09-15 19:20:00,38,6219,95,0
2024-09-15 19:30:00,81,3778,81,0
2024-09-15 19:39:00,93,3286,78,0
2024-09-15 19:49:00,56,4275,64,0
2024-09-15 19:57:00,64,4900,70,0
2024-09-15 20:00:00,38,9483,75,0
2024-09-15 20:09:00,69,8047,57,0
2024-09-15 20:15:00,45,9337,59,0
2024-09-15 20:24:00,36,9182,58,0
2024-09-15 20:28:00,97,8237,77,0
2024-09-15 20:29:00,79,6566,53,0
2024-09-15 20:37:00,98,3900,59,0
2024-09-15 20:45:00,49,6922,83,0
2024-09-15 20:53:00,60,4751,63,0
2024-09-15 20:59:00,85,6327,87,0
2024-09-15 21:08:00,36,7235,92,0
2024-09-15 21:13:00,47,7170,96,0
2024-09-15 21:20:00,33,1820,98,0
2024-09-15 21:24:00,88,7803,61,0
2024-09-15 21:33:00,54,1650,52,0
2024-09-15 21:43:00,46,4801,52,0
2024-09-15 21:44:00,42,7911,54,0
2024-09-15 21:54:00,57,1348,56,0
2024-09-15 21:57:00,99,3831,53,0
2024-09-15 22:03:00,95,4774,54,0
2024-09-15 22:12:00,57,9933,80,0
2024-09-15 22:20:00,45,4120,98,0
2024-09-15 22:28:00,95,1321,99,1
2024-09-15 22:31:00,55,1321,78,0
2024-09-15 22:36:00,32,4671,89,0
2024-09-15 22:42:00,100,6261,96,1
2024-09-15 22:47:00,91,8227,100,1
2024-09-15 22:51:00,98,9627,100,1
2024-09-15 22:58:00,99,1210,88,0
2024-09-15 23:07:00,90,9014,73,0
2024-09-15 23:14:00,74,1096,73,0
2024-09-15 23:17:00,83,4291,78,0
2024-09-15 23:24:00,71,4006,54,0
2024-09-15 23:34:00,95,1792,64,0
2024-09-15 23:42:00,69,9389,64,0
2024-09-15 23:48:00,64,9900,53,0
2024-09-15 23:52:00,34,2931,70,0
2024-09-15 23:54:00,39,8806,76,0
2024-09-16 00:02:00,91,9285,85,0
2024-09-16 00:06:00,52,7705,85,0
2024-09-16 00:15:00,69,1647,71,0
2024-09-16 00:18:00,80,1376,60,0
2024-09-16 00:21:00,65,1771,86,0
2024-09-16 00:26:00,63,8094,85,0
2024-09-16 00:30:00,74,1765,65,0
2024-09-16 00:37:00,54,1486,67,0
2024-09-16 00:44:00,32,1198,73,0
2024-09-16 00:47:00,45,9485,79,0
2024-09-16 00:54:00,67,6285,71,0
2024-09-16 00:58:00,93,7257,56,0
2024-09-16 01:00:00,98,6354,60,0
2024-09-16 01:05:00,58,6717,100,0
2024-09-16 01:09:00,48,6674,79,0
2024-09-16 01:11:00,38,3876,58,0
2024-09-16 01:17:00,57,1680,92,0
2024-09-16 01:22:00,88,3818,94,0
2024-09-16 01:27:00,100,3834,94,1
2024-09-16 01:34:00,78,7260,57,0
2024-09-16 01:44:00,81,9515,55,0
2024-09-16 01:49:00,92,1974,91,1
2024-09-16 01:55:00,64,8949,81,0
2024-09-16 02:01:00,82,1816,60,0
2024-09-16 02:04:00,71,1933,64,0
2024-09-16 02:07:00,58,4891,64,0
2024-09-16 02:08:00,97,2105,57,0
2024-09-16 02:17:00,65,4040,54,0
2024-09-16 02:26:00,33,9940,88,0
2024-09-16 02:35:00,100,6570,52,0
2024-09-16 02:40:00,37,3487,51,0
2024-09-16 02:50:00,51,5769,79,0
2024-09-16 02:54:00,78,4320,55,0
2024-09-16 02:59:00,53,3367,75,0
2024-09-16 03:06:00,31,8004,63,0
2024-09-16 03:11:00,66,2802,84,0
2024-09-16 03:14:00,49,4438,61,0
2024-09-16 03:22:00,93,3672,58,0
2024-09-16 03:24:00,54,7643,74,0
2024-09-16 03:26:00,41,7233,59,0
2024-09-16 03:35:00,41,8700,62,0
2024-09-16 03:43:00,89,2242,100,0
2024-09-16 03:53:00,63,6079,85,0
2024-09-16 03:59:00,55,7341,64,0
2024-09-16 04:09:00,30,4932,94,0
2024-09-16 04:14:00,85,8681,86,0
2024-09-16 04:23:00,87,6224,91,0
2024-09-16 04:33:00,59,9936,56,0
2024-09-16 04:42:00,64,1030,59,0
2024-09-16 04:48:00,71,2117,97,0
2024-09-16 04:50:00,38,4189,60,0
2024-09-16 04:58:00,30,8557,99,0
2024-09-16 05:02:00,54,1120,92,0
2024-09-16 05:06:00,93,7688,91,1
2024-09-16 05:16:00,43,6016,60,0
2024-09-16 05:20:00,70,3775,74,0
2024-09-16 05:29:00,34,4451,98,0
2024-09-16 05:39:00,90,7594,69,0
2024-09-16 05:49:00,66,2000,80,0
2024-09-16 05:51:00,49,5576,86,0
2024-09-16 05:54:00,58,9411,69,0
2024-09-16 05:57:00,68,8981,56,0
2024-09-16 06:01:00,69,7725,85,0
2024-09-16 06:03:00,50,2152,81,0
2024-09-16 06:06:00,62,2423,54,0
2024-09-16 06:07:00,97,3374,69,0
2024-09-16 06:09:00,57,8971,96,0
2024-09-16 06:10:00,48,5491,66,0
2024-09-16 06:16:00,70,8583,90,0
2024-09-16 06:25:00,97,5073,89,0
2024-09-16 06:33:00,78,4248,90,0
2024-09-16 06:41:00,61,7652,85,0
2024-09-16 06:42:00,38,8575,88,0
2024-09-16 06:43:00,43,8103,78,0
2024-09-16 06:47:00,81,6394,73,0
2024-09-16 06:57:00,51,2997,86,0
2024-09-16 07:00:00,90,5487,92,0
2024-09-16 07:10:00,44,5413,68,0
2024-09-16 07:17:00,42,2129,93,0
2024-09-16 07:24:00,36,5417,52,0
2024-09-16 07:31:00,68,4444,71,0
2024-09-16 07:32:00,49,5448,70,0
2024-09-16 07:35:00,50,3374,94,0
2024-09-16 07:40:00,97,9639,68,0
2024-09-16 07:49:00,84,8416,66,0
2024-09-16 07:53:00,67,4639,58,0
2024-09-16 07:56:00,34,9294,68,0
2024-09-16 08:01:00,68,8934,79,0
2024-09-16 08:05:00,40,5758,61,0
2024-09-16 08:11:00,92,3024,79,0
2024-09-16 08:16:00,81,8335,95,0
2024-09-16 08:24:00,39,9130,78,0
2024-09-16 08:33:00,96,4421,69,0
2024-09-16 08:39:00,43,4115,87,0
2024-09-16 08:47:00,64,3897,68,0
2024-09-16 08:52:00,45,7976,70,0
2024-09-16 08:54:00,37,3833,93,0
2024-09-16 09:02:00,37,8334,58,0
2024-09-16 09:08:00,34,7027,86,0
2024-09-16 09:09:00,81,4401,89,0
2024-09-16 09:17:00,55,3499,76,0
2024-09-16 09:19:00,30,6992,93,0
2024-09-16 09:26:00,69,5447,84,0
2024-09-16 09:32:00,40,4473,67,0
2024-09-16 09:33:00,84,8401,50,0
2024-09-16 09:38:00,39,8573,50,0
2024-09-16 09:46:00,80,4983,52,0
2024-09-16 09:52:00,94,2355,59,0
2024-09-16 09:56:00,71,9236,88,0
2024-09-16 10:05:00,54,1521,97,0
2024-09-16 10:14:00,85,3694,72,0
2024-09-16 10:19:00,62,2438,62,0
2024-09-16 10:24:00,100,8383,65,0
2024-09-16 10:30:00,69,7601,50,0
2024-09-16 10:39:00,71,4269,72,0
2024-09-16 10:43:00,63,9393,73,0
2024-09-16 10:44:00,77,1953,83,0
2024-09-16 10:48:00,57,2509,65,0
2024-09-16 10:50:00,87,3316,64,0
2024-09-16 10:59:00,41,1140,73,0
2024-09-16 11:05:00,42,1530,99,0
2024-09-16 11:06:00,41,8039,80,0
2024-09-16 11:15:00,68,1486,96,0
2024-09-16 11:25:00,85,2153,82,0
2024-09-16 11:26:00,57,7080,72,0
2024-09-16 11:29:00,64,2979,69,0
2024-09-16 11:37:00,50,7250,61,0
2024-09-16 11:45:00,91,4773,89,0
2024-09-16 11:46:00,98,4536,53,0
2024-09-16 11:52:00,75,3679,62,0
2024-09-16 11:53:00,43,4686,82,0
2024-09-16 12:00:00,92,4491,81,0
2024-09-16 12:09:00,45,2884,92,0
2024-09-16 12:12:00,85,9440,71,0
2024-09-16 12:21:00,39,5370,94,0
2024-09-16 12:30:00,44,5110,57,0
2024-09-16 12:39:00,51,6052,64,0
2024-09-16 12:43:00,47,1805,95,0
2024-09-16 12:53:00,77,8673,64,0
2024-09-16 12:54:00,48,7688,79,0
2024-09-16 12:57:00,82,5802,80,0
2024-09-16 13:01:00,40,4907,69,0
2024-09-16 13:05:00,41,1299,69,0
2024-09-16 13:10:00,71,1612,55,0
2024-09-16 13:19:00,80,7431,74,0
2024-09-16 13:29:00,71,8356,73,0
2024-09-16 13:32:00,71,3444,62,0
2024-09-16 13:41:00,68,4971,100,0
2024-09-16 13:50:00,45,3057,90,0
2024-09-16 13:53:00,35,4955,67,0
2024-09-16 13:59:00,70,5283,97,0
2024-09-16 14:05:00,97,5992,97,1
2024-09-16 14:11:00,44,7210,96,0
2024-09-16 14:13:00,99,9711,98,1
2024-09-16 14:19:00,85,8748,66,0
2024-09-16 14:20:00,68,9422,94,0
2024-09-16 14:23:00,100,6155,63,0
2024-09-16 14:33:00,74,8298,98,0
2024-09-16 14:40:00,86,1121,82,0
2024-09-16 14:48:00,68,6872,80,0
2024-09-16 14:52:00,71,2811,93,0
2024-09-16 14:56:00,79,1452,75,0
2024-09-16 15:01:00,82,7722,67,0
2024-09-16 15:08:00,80,7736,62,0
2024-09-16 15:11:00,100,7240,100,1
2024-09-16 15:18:00,38,8596,50,0
2024-09-16 15:28:00,42,3935,69,0
2024-09-16 15:33:00,44,1806,96,0
2024-09-16 15:36:00,62,4905,69,0
2024-09-16 15:46:00,93,9443,77,0
2024-09-16 15:55:00,39,6600,100,0
2024-09-16 15:59:00,59,4244,69,0
2024-09-16 16:04:00,93,4940,86,0
2024-09-16 16:06:00,94,2354,76,0
2024-09-16 16:12:00,96,7342,92,1
2024-09-16 16:22:00,78,4201,69,0
2024-09-16 16:24:00,61,7748,84,0
2024-09-16 16:32:00,38,4870,85,0
2024-09-16 16:36:00,65,3135,62,0
2024-09-16 16:40:00,37,2386,61,0
2024-09-16 16:42:00,56,1399,100,0
2024-09-16 16:50:00,71,9987,93,0
2024-09-16 16:57:00,89,3289,84,0
2024-09-16 16:58:00,58,5666,88,0
2024-09-16 17:00:00,61,1883,61,0
2024-09-16 17:05:00,85,3594,56,0
2024-09-16 17:07:00,50,1623,93,0
2024-09-16 17:16:00,99,4740,56,0
2024-09-16 17:19:00,49,9422,67,0
2024-09-16 17:20:00,68,3299,92,0
2024-09-16 17:22:00,68,5973,55,0
2024-09-16 17:25:00,62,4614,54,0
2024-09-16 17:27:00,63,9410,62,0
2024-09-16 17:30:00,46,1497,78,0
2024-09-16 17:33:00,94,4313,50,0
2024-09-16 17:43:00,84,5157,84,0
2024-09-16 17:50:00,85,1069,96,0
2024-09-16 17:59:00,90,5180,88,0
2024-09-16 18:05:00,36,2238,68,0
2024-09-16 18:12:00,44,6916,84,0
2024-09-16 18:15:00,40,9965,64,0
2024-09-16 18:25:00,98,3895,97,1
2024-09-16 18:33:00,54,4705,78,0
2024-09-16 18:36:00,75,7935,83,0
2024-09-16 18:43:00,48,4192,92,0
2024-09-16 18:48:00,98,3617,51,0
2024-09-16 18:51:00,51,3541,78,0
2024-09-16 18:58:00,84,5958,83,0
2024-09-16 19:06:00,95,6269,76,0
2024-09-16 19:16:00,86,6180,91,0
2024-09-16 19:19:00,32,4981,61,0
2024-09-16 19:26:00,58,8616,95,0
2024-09-16 19:31:00,80,1484,83,0
2024-09-16 19:39:00,69,8311,59,0
2024-09-16 19:41:00,87,5312,58,0
2024-09-16 19:44:00,94,5547,51,0
2024-09-16 19:47:00,37,6960,58,0
2024-09-16 19:54:00,33,4841,69,0
2024-09-16 20:02:00,58,6201,81,0
2024-09-16 20:07:00,86,1223,58,0
2024-09-16 20:13:00,33,3116,78,0
2024-09-16 20:14:00,71,1221,59,0
2024-09-16 20:22:00,72,2690,72,0
2024-09-16 20:24:00,73,9103,70,0
2024-09-16 20:34:00,30,6811,91,0
2024-09-16 20:43:00,89,2216,90,0
2024-09-16 20:53:00,75,9301,75,0
2024-09-16 20:54:00,54,4072,82,0
2024-09-16 20:55:00,76,2188,98,0
2024-09-16 20:57:00,39,8900,81,0
2024-09-16 21:01:00,61,1941,73,0
2024-09-16 21:02:00,42,5168,59,0
2024-09-16 21:07:00,96,3675,87,0
2024-09-16 21:17:00,88,2116,95,0
2024-09-16 21:20:00,44,6842,67,0
2024-09-16 21:26:00,32,1910,90,0
2024-09-16 21:27:00,74,6220,81,0
2024-09-16 21:29:00,71,7212,63,0
2024-09-16 21:34:00,93,7335,67,0
2024-09-16 21:38:00,85,9882,75,0
2024-09-16 21:48:00,82,4495,74,0
2024-09-16 21:57:00,48,4409,54,0
2024-09-16 22:06:00,64,4307,60,0
2024-09-16 22:08:00,60,2978,94,0
2024-09-16 22:09:00,30,8509,93,0
2024-09-16 22:12:00,87,6815,66,0
2024-09-16 22:19:00,51,8094,52,0
2024-09-16 22:25:00,69,5334,70,0
2024-09-16 22:27:00,48,2210,73,0
2024-09-16 22:29:00,46,7984,50,0
2024-09-16 22:37:00,48,6565,78,0
2024-09-16 22:45:00,33,9731,85,0
2024-09-16 22:50:00,48,9724,81,0
2024-09-16 22:51:00,89,5845,84,0
2024-09-16 22:55:00,93,5495,52,0
2024-09-16 23:03:00,54,1867,81,0
2024-09-16 23:11:00,62,8100,76,0
2024-09-16 23:13:00,86,7442,76,0
2024-09-16 23:23:00,35,9485,56,0
2024-09-16 23:29:00,79,8740,58,0
2024-09-16 23:36:00,46,2121,82,0
2024-09-16 23:43:00,91,6359,73,0
2024-09-16 23:48:00,88,2103,76,0
2024-09-16 23:53:00,50,5799,66,0
2024-09-16 23:57:00,81,4728,56,0
2024-09-17 00:07:00,82,2211,99,0
2024-09-17 00:16:00,88,2930,94,0
2024-09-17 00:21:00,88,3257,89,0
2024-09-17 00:24:00,69,9285,57,0
2024-09-17 00:33:00,73,4181,64,0
2024-09-17 00:34:00,64,4116,90,0
2024-09-17 00:43:00,54,3895,79,0
2024-09-17 00:46:00,76,1759,77,0
2024-09-17 00:51:00,40,7071,94,0
2024-09-17 00:54:00,74,7930,87,0
2024-09-17 01:00:00,91,3238,96,1
2024-09-17 01:09:00,73,2832,57,0
2024-09-17 01:15:00,32,3316,61,0
2024-09-17 01:18:00,89,4324,77,0
2024-09-17 01:23:00,61,4100,93,0
2024-09-17 01:31:00,82,8442,86,0
2024-09-17 01:39:00,48,2524,56,0
2024-09-17 01:47:00,91,5377,66,0
2024-09-17 01:53:00,54,7154,100,0
2024-09-17 02:03:00,36,9886,76,0
2024-09-17 02:05:00,98,3877,74,0
2024-09-17 02:13:00,32,2458,87,0
2024-09-17 02:15:00,74,9357,90,0
2024-09-17 02:18:00,99,5771,96,1
2024-09-17 02:27:00,38,5105,95,0
2024-09-17 02:28:00,64,9143,89,0
2024-09-17 02:31:00,58,7911,56,0
2024-09-17 02:35:00,34,4971,76,0
2024-09-17 02:40:00,92,4946,99,1
2024-09-17 02:42:00,60,9130,69,0
2024-09-17 02:47:00,46,7164,90,0
2024-09-17 02:48:00,55,5108,59,0
2024-09-17 02:53:00,96,2268,76,0
2024-09-17 02:58:00,94,2471,85,0
2024-09-17 02:59:00,76,5377,86,0
2024-09-17 03:07:00,53,7905,86,0
2024-09-17 03:10:00,98,5233,76,0
2024-09-17 03:16:00,37,3754,78,0
2024-09-17 03:24:00,58,4372,67,0
2024-09-17 03:28:00,66,8146,72,0
2024-09-17 03:33:00,87,8003,61,0
2024-09-17 03:43:00,31,4918,67,0
2024-09-17 03:44:00,76,5215,88,0
2024-09-17 03:47:00,60,7524,89,0
2024-09-17 03:56:00,70,9894,56,0
2024-09-17 03:58:00,99,1287,55,0
2024-09-17 04:06:00,35,5208,66,0
2024-09-17 04:10:00,36,8769,51,0
2024-09-17 04:17:00,94,2573,66,0
2024-09-17 04:26:00,73,2351,73,0
2024-09-17 04:34:00,99,6792,90,0
2024-09-17 04:35:00,32,6777,61,0
2024-09-17 04:44:00,36,4386,54,0
2024-09-17 04:52:00,78,1489,52,0
2024-09-17 05:01:00,68,9267,85,0
2024-09-17 05:05:00,43,5699,50,0
2024-09-17 05:15:00,47,4147,52,0
2024-09-17 05:18:00,33,5527,61,0
2024-09-17 05:23:00,31,9838,69,0
2024-09-17 05:32:00,33,4146,63,0
2024-09-17 05:37:00,30,3338,63,0
2024-09-17 05:42:00,41,4907,96,0
2024-09-17 05:43:00,78,7048,83,0
2024-09-17 05:48:00,54,7426,82,0
2024-09-17 05:53:00,70,5872,52,0
2024-09-17 05:58:00,82,7726,54,0
2024-09-17 06:01:00,40,8837,52,0
2024-09-17 06:02:00,57,7036,86,0
2024-09-17 06:10:00,46,4393,99,0
2024-09-17 06:18:00,33,8480,91,0
2024-09-17 06:19:00,30,9787,85,0
2024-09-17 06:20:00,36,4988,74,0
2024-09-17 06:28:00,80,2793,88,0
2024-09-17 06:31:00,95,5201,86,0
2024-09-17 06:32:00,99,2609,86,0
2024-09-17 06:33:00,43,5555,75,0
2024-09-17 06:43:00,50,1682,69,0
2024-09-17 06:51:00,69,8530,56,0
2024-09-17 06:52:00,98,3693,96,1
2024-09-17 06:53:00,62,5392,92,0
2024-09-17 07:03:00,57,3750,85,0
2024-09-17 07:09:00,67,8562,68,0
2024-09-17 07:10:00,57,4426,81,0
2024-09-17 07:14:00,90,3764,74,0
2024-09-17 07:16:00,33,4480,64,0
2024-09-17 07:18:00,52,4644,70,0
2024-09-17 07:19:00,45,3025,62,0
2024-09-17 07:27:00,59,9899,93,0
2024-09-17 07:30:00,38,6527,73,0
2024-09-17 07:35:00,54,1029,53,0
2024-09-17 07:43:00,68,6747,53,0
2024-09-17 07:51:00,37,6778,73,0
2024-09-17 07:54:00,47,4205,56,0
2024-09-17 08:02:00,91,9640,95,1
2024-09-17 08:08:00,45,8225,99,0
2024-09-17 08:16:00,53,8856,96,0
2024-09-17 08:24:00,77,9690,56,0
2024-09-17 08:34:00,82,3805,68,0
2024-09-17 08:39:00,61,3443,57,0
2024-09-17 08:45:00,67,9215,76,0
2024-09-17 08:46:00,39,7501,52,0
2024-09-17 08:51:00,67,2498,72,0
2024-09-17 08:56:00,82,8762,74,0
2024-09-17 08:57:00,62,4864,68,0
2024-09-17 08:58:00,45,7013,85,0
2024-09-17 09:03:00,82,2852,60,0
2024-09-17 09:12:00,47,1722,52,0
2024-09-17 09:18:00,52,4647,86,0
2024-09-17 09:22:00,53,5072,51,0
2024-09-17 09:26:00,68,2312,59,0
2024-09-17 09:28:00,93,7757,51,0
2024-09-17 09:29:00,45,1826,74,0
2024-09-17 09:37:00,58,8472,69,0
2024-09-17 09:47:00,36,1581,92,0
2024-09-17 09:57:00,91,1278,92,1
2024-09-17 10:00:00,90,8524,69,0
2024-09-17 10:07:00,51,4692,78,0
2024-09-17 10:12:00,53,9606,95,0
2024-09-17 10:21:00,88,9064,52,0
2024-09-17 10:27:00,64,6525,51,0
2024-09-17 10:30:00,40,5891,94,0
2024-09-17 10:35:00,44,2605,89,0
2024-09-17 10:44:00,80,7833,83,0
2024-09-17 10:49:00,80,3789,53,0
2024-09-17 10:53:00,70,3445,96,0
2024-09-17 10:55:00,90,2462,72,0
2024-09-17 11:05:00,43,5447,63,0
2024-09-17 11:10:00,77,3855,94,0
2024-09-17 11:19:00,66,5554,65,0
2024-09-17 11:27:00,100,4069,69,0
2024-09-17 11:33:00,57,8835,97,0
2024-09-17 11:39:00,39,6954,97,0
2024-09-17 11:44:00,74,2307,58,0
2024-09-17 11:46:00,69,4128,73,0
2024-09-17 11:49:00,66,9114,73,0
2024-09-17 11:50:00,75,7578,74,0
2024-09-17 11:56:00,81,1331,98,0
2024-09-17 11:59:00,70,5201,93,0
2024-09-17 12:00:00,95,7127,98,1
2024-09-17 12:09:00,72,7330,83,0
2024-09-17 12:17:00,37,4453,62,0
2024-09-17 12:25:00,39,8442,62,0
2024-09-17 12:28:00,69,6845,95,0
2024-09-17 12:35:00,93,3940,83,0
2024-09-17 12:38:00,36,9155,68,0
2024-09-17 12:39:00,35,3478,85,0
2024-09-17 12:43:00,68,1371,86,0
2024-09-17 12:46:00,38,3010,56,0
2024-09-17 12:49:00,82,5055,76,0
2024-09-17 12:52:00,38,3136,92,0
2024-09-17 12:59:00,58,7434,69,0
2024-09-17 13:04:00,72,7024,64,0
2024-09-17 13:12:00,55,4612,90,0
2024-09-17 13:22:00,64,3007,51,0
2024-09-17 13:24:00,94,9317,54,0
2024-09-17 13:29:00,51,6685,56,0
2024-09-17 13:35:00,62,7278,55,0
2024-09-17 13:43:00,74,9064,75,0
2024-09-17 13:53:00,31,4073,81,0
2024-09-17 13:56:00,95,1640,66,0
2024-09-17 14:03:00,39,1269,53,0
2024-09-17 14:06:00,93,7409,78,0
2024-09-17 14:16:00,64,5382,80,0
2024-09-17 14:21:00,51,1434,81,0
2024-09-17 14:28:00,87,5715,83,0
2024-09-17 14:36:00,97,6062,80,0
2024-09-17 14:38:00,71,8912,98,0
2024-09-17 14:40:00,66,9269,51,0
2024-09-17 14:45:00,48,2360,91,0
2024-09-17 14:48:00,34,3056,66,0
2024-09-17 14:58:00,40,1821,59,0
2024-09-17 15:00:00,86,7267,67,0
2024-09-17 15:07:00,96,6980,99,1
2024-09-17 15:08:00,87,1721,81,0
2024-09-17 15:12:00,38,5955,53,0
2024-09-17 15:16:00,96,2991,70,0
2024-09-17 15:25:00,37,9976,68,0
2024-09-17 15:33:00,74,2170,84,0
2024-09-17 15:38:00,76,7624,58,0
2024-09-17 15:39:00,36,1389,81,0
2024-09-17 15:42:00,74,9410,76,0
2024-09-17 15:52:00,73,2104,84,0
2024-09-17 16:02:00,36,6211,67,0
2024-09-17 16:09:00,79,7349,52,0
2024-09-17 16:11:00,49,2488,73,0
2024-09-17 16:13:00,93,5405,53,0
2024-09-17 16:15:00,76,8224,87,0
2024-09-17 16:19:00,45,2889,91,0
2024-09-17 16:21:00,62,2934,74,0
2024-09-17 16:28:00,96,8528,68,0
2024-09-17 16:32:00,62,5945,92,0
2024-09-17 16:39:00,92,9131,94,1
2024-09-17 16:40:00,38,2173,74,0
2024-09-17 16:48:00,91,8193,58,0
2024-09-17 16:51:00,68,6670,79,0
2024-09-17 16:55:00,43,3370,59,0
2024-09-17 16:58:00,38,6129,89,0
2024-09-17 17:01:00,72,1375,64,0
2024-09-17 17:09:00,98,4852,80,0
2024-09-17 17:14:00,92,9441,88,0
2024-09-17 17:20:00,93,3497,96,1
2024-09-17 17:25:00,45,3526,84,0
2024-09-17 17:28:00,84,1405,92,0
2024-09-17 17:30:00,86,6908,89,0
2024-09-17 17:34:00,91,5236,68,0
2024-09-17 17:35:00,73,1769,67,0
2024-09-17 17:42:00,61,6512,80,0
2024-09-17 17:52:00,54,3821,100,0
2024-09-17 17:54:00,63,7747,73,0
2024-09-17 17:58:00,96,9155,86,0
2024-09-17 18:08:00,74,3386,73,0
2024-09-17 18:18:00,44,2834,76,0
2024-09-17 18:27:00,93,3563,78,0
2024-09-17 18:28:00,35,8350,59,0
2024-09-17 18:37:00,47,9842,66,0
2024-09-17 18:44:00,89,8252,69,0
2024-09-17 18:45:00,44,4630,92,0
2024-09-17 18:50:00,55,6398,60,0
2024-09-17 18:51:00,48,6264,81,0
2024-09-17 18:58:00,71,8223,72,0
2024-09-17 19:01:00,67,1042,61,0
2024-09-17 19:11:00,70,6210,56,0
2024-09-17 19:19:00,69,1592,79,0
2024-09-17 19:26:00,82,7356,77,0
2024-09-17 19:33:00,36,3373,65,0
2024-09-17 19:36:00,91,2981,94,1
2024-09-17 19:44:00,41,9397,81,0
2024-09-17 19:52:00,36,9922,57,0
2024-09-17 20:00:00,42,6949,99,0
2024-09-17 20:06:00,74,5670,59,0
2024-09-17 20:13:00,91,4786,66,0
2024-09-17 20:19:00,79,2448,77,0
2024-09-17 20:20:00,37,4910,74,0
2024-09-17 20:25:00,92,2613,86,0
2024-09-17 20:30:00,63,3697,99,0
2024-09-17 20:39:00,46,9569,90,0
2024-09-17 20:42:00,42,6374,86,0
2024-09-17 20:45:00,92,5510,81,0
2024-09-17 20:50:00,36,4556,50,0
2024-09-17 20:59:00,99,9189,71,0
2024-09-17 21:06:00,76,2976,77,0
2024-09-17 21:09:00,68,5912,50,0
2024-09-17 21:18:00,47,6008,58,0
2024-09-17 21:20:00,46,3946,79,0
2024-09-17 21:21:00,93,4785,73,0
2024-09-17 21:30:00,65,6848,65,0
2024-09-17 21:37:00,37,2629,53,0
2024-09-17 21:47:00,62,4596,76,0
2024-09-17 21:51:00,89,5580,50,0
2024-09-17 21:55:00,53,5882,65,0
2024-09-17 21:56:00,47,5858,97,0
2024-09-17 22:01:00,89,9469,64,0
2024-09-17 22:05:00,31,3155,64,0
2024-09-17 22:09:00,94,5011,93,1
2024-09-17 22:18:00,52,5952,90,0
2024-09-17 22:21:00,65,5270,62,0
2024-09-17 22:29:00,49,6996,63,0
2024-09-17 22:31:00,88,4980,82,0
2024-09-17 22:40:00,75,7843,97,0
2024-09-17 22:41:00,100,9398,63,0
2024-09-17 22:42:00,37,4161,68,0
2024-09-17 22:43:00,47,4086,79,0
2024-09-17 22:50:00,78,8993,92,0
2024-09-17 23:00:00,41,9256,76,0
2024-09-17 23:01:00,95,3436,90,0
2024-09-17 23:06:00,91,7843,57,0
2024-09-17 23:11:00,41,2979,79,0
2024-09-17 23:17:00,72,9264,86,0
2024-09-17 23:23:00,100,7549,67,0
2024-09-17 23:26:00,95,3560,64,0
2024-09-17 23:36:00,91,7314,90,0
2024-09-17 23:39:00,48,7923,54,0
2024-09-17 23:40:00,42,2664,69,0
2024-09-17 23:46:00,78,4510,68,0
2024-09-17 23:55:00,39,9597,53,0
2024-09-18 00:03:00,42,1953,69,0
2024-09-18 00:05:00,47,2172,70,0
2024-09-18 00:14:00,39,9556,55,0
2024-09-18 00:19:00,89,5209,89,0
2024-09-18 00:20:00,51,9624,72,0
2024-09-18 00:25:00,42,6944,99,0
2024-09-18 00:27:00,81,9010,52,0
2024-09-18 00:32:00,35,1554,87,0
2024-09-18 00:33:00,35,3190,70,0
2024-09-18 00:41:00,34,9944,95,0
2024-09-18 00:45:00,78,7811,90,0
2024-09-18 00:52:00,90,5995,78,0
2024-09-18 00:57:00,76,7617,53,0
2024-09-18 00:59:00,94,1896,70,0
2024-09-18 01:06:00,62,4119,84,0
2024-09-18 01:13:00,31,9818,56,0
2024-09-18 01:20:00,44,1553,63,0
2024-09-18 01:30:00,94,2948,62,0
2024-09-18 01:38:00,60,2072,68,0
2024-09-18 01:39:00,77,1448,98,0
2024-09-18 01:44:00,53,5322,69,0
2024-09-18 01:49:00,96,1420,87,0
2024-09-18 01:59:00,81,2406,95,0
2024-09-18 02:05:00,82,1084,67,0
2024-09-18 02:13:00,95,8778,100,1
2024-09-18 02:22:00,47,8888,75,0
2024-09-18 02:23:00,95,1560,79,0
2024-09-18 02:32:00,68,4368,58,0
2024-09-18 02:39:00,81,1822,54,0
2024-09-18 02:40:00,50,5199,50,0
2024-09-18 02:49:00,80,2013,57,0
2024-09-18 02:58:00,60,8186,51,0
2024-09-18 02:59:00,91,3101,91,1
2024-09-18 03:07:00,98,1144,91,1
2024-09-18 03:15:00,74,6190,75,0
2024-09-18 03:20:00,65,5444,93,0
2024-09-18 03:23:00,33,4867,97,0
2024-09-18 03:28:00,54,8813,70,0
2024-09-18 03:30:00,43,7674,68,0
2024-09-18 03:40:00,91,5549,88,0
2024-09-18 03:43:00,39,7750,82,0
2024-09-18 03:46:00,49,7117,53,0
2024-09-18 03:51:00,60,7146,87,0
2024-09-18 03:59:00,68,4850,61,0
2024-09-18 04:04:00,100,1556,69,0
2024-09-18 04:05:00,68,9940,75,0
2024-09-18 04:09:00,38,9135,73,0
2024-09-18 04:16:00,80,2986,99,0
2024-09-18 04:20:00,40,3893,72,0
2024-09-18 04:22:00,78,7340,68,0
2024-09-18 04:24:00,74,3986,56,0
2024-09-18 04:28:00,50,1586,90,0
2024-09-18 04:29:00,72,2673,80,0
2024-09-18 04:36:00,55,6293,71,0
2024-09-18 04:39:00,87,2109,81,0
2024-09-18 04:46:00,89,9047,80,0
2024-09-18 04:52:00,61,1807,93,0
2024-09-18 04:56:00,100,9495,60,0
2024-09-18 05:02:00,89,3077,83,0
2024-09-18 05:07:00,89,9459,62,0
2024-09-18 05:15:00,72,8916,55,0
2024-09-18 05:18:00,73,8714,92,0
2024-09-18 05:25:00,77,2874,70,0
2024-09-18 05:28:00,34,1857,61,0
2024-09-18 05:30:00,48,6088,75,0
2024-09-18 05:39:00,94,6235,73,0
2024-09-18 05:41:00,50,6222,57,0
2024-09-18 05:47:00,74,4758,87,0
2024-09-18 05:53:00,56,9488,72,0
2024-09-18 05:56:00,90,8641,80,0
2024-09-18 06:01:00,73,7024,74,0
2024-09-18 06:03:00,90,9395,58,0
2024-09-18 06:11:00,76,8705,90,0
2024-09-18 06:16:00,82,7344,87,0
2024-09-18 06:25:00,31,2619,89,0
2024-09-18 06:28:00,40,5628,88,0
2024-09-18 06:37:00,35,3773,59,0
2024-09-18 06:40:00,69,1426,50,0
2024-09-18 06:43:00,30,9891,82,0
2024-09-18 06:44:00,53,8808,65,0
2024-09-18 06:48:00,38,7117,87,0
2024-09-18 06:53:00,65,9170,100,0
2024-09-18 06:58:00,91,9122,61,0
2024-09-18 07:05:00,94,2629,69,0
2024-09-18 07:12:00,38,3176,73,0
2024-09-18 07:14:00,95,7216,55,0
2024-09-18 07:19:00,39,3692,59,0
2024-09-18 07:27:00,44,8053,80,0
2024-09-18 07:30:00,92,9751,83,0
2024-09-18 07:39:00,53,8588,55,0
2024-09-18 07:46:00,42,9454,79,0
2024-09-18 07:47:00,77,3109,57,0
2024-09-18 07:54:00,72,9754,51,0
2024-09-18 07:58:00,93,8992,88,0
2024-09-18 08:07:00,100,8742,100,1
2024-09-18 08:16:00,81,7176,70,0
2024-09-18 08:17:00,72,4917,99,0
2024-09-18 08:20:00,64,6465,74,0
2024-09-18 08:24:00,37,9687,57,0
2024-09-18 08:27:00,59,6196,61,0
2024-09-18 08:28:00,68,5712,95,0
2024-09-18 08:34:00,59,3075,62,0
2024-09-18 08:39:00,74,6679,94,0
2024-09-18 08:42:00,55,3262,53,0
2024-09-18 08:44:00,72,8653,67,0
2024-09-18 08:47:00,70,9803,93,0
2024-09-18 08:48:00,78,1653,68,0
2024-09-18 08:53:00,53,2080,59,0
2024-09-18 09:01:00,36,9584,79,0
2024-09-18 09:05:00,31,9850,55,0
2024-09-18 09:15:00,59,7704,69,0
2024-09-18 09:19:00,48,4365,60,0
2024-09-18 09:23:00,31,4276,81,0
2024-09-18 09:26:00,37,5978,65,0
2024-09-18 09:29:00,57,8540,66,0
2024-09-18 09:38:00,55,9384,65,0
2024-09-18 09:41:00,93,2095,57,0
2024-09-18 09:47:00,59,3929,65,0
2024-09-18 09:54:00,49,1687,76,0
2024-09-18 09:56:00,93,8446,95,1
2024-09-18 10:00:00,94,8174,83,0
2024-09-18 10:09:00,46,5588,90,0
2024-09-18 10:12:00,100,1429,80,0
2024-09-18 10:21:00,31,7573,95,0
2024-09-18 10:24:00,88,3894,52,0
2024-09-18 10:30:00,57,2044,72,0
2024-09-18 10:31:00,51,5072,81,0
2024-09-18 10:36:00,86,8455,81,0
2024-09-18 10:46:00,58,4121,90,0
2024-09-18 10:55:00,99,4623,61,0
2024-09-18 11:01:00,69,6043,76,0
2024-09-18 11:09:00,66,1124,90,0
2024-09-18 11:17:00,48,3820,74,0
2024-09-18 11:27:00,50,8843,80,0
2024-09-18 11:28:00,91,9712,96,1
2024-09-18 11:29:00,71,1160,57,0
2024-09-18 11:30:00,42,6399,79,0
2024-09-18 11:37:00,90,1160,84,0
2024-09-18 11:46:00,38,5309,80,0
2024-09-18 11:51:00,36,3599,61,0
2024-09-18 11:55:00,55,3674,98,0
2024-09-18 11:57:00,77,9943,97,0
2024-09-18 12:00:00,47,2841,50,0
2024-09-18 12:03:00,49,3155,62,0
2024-09-18 12:04:00,86,7845,76,0
2024-09-18 12:08:00,83,7630,86,0
2024-09-18 12:17:00,30,7494,55,0
2024-09-18 12:25:00,62,8331,83,0
2024-09-18 12:30:00,67,8325,72,0
2024-09-18 12:35:00,91,7870,78,0
2024-09-18 12:45:00,57,5430,82,0
2024-09-18 12:55:00,93,8778,79,0
2024-09-18 13:05:00,70,7254,98,0
2024-09-18 13:06:00,32,6619,56,0
2024-09-18 13:07:00,73,1650,57,0
2024-09-18 13:08:00,98,1954,78,0
2024-09-18 13:15:00,58,1158,71,0
2024-09-18 13:22:00,65,3401,52,0
2024-09-18 13:32:00,95,4011,85,0
2024-09-18 13:33:00,83,7257,82,0
2024-09-18 13:35:00,100,5207,80,0
2024-09-18 13:41:00,33,1205,60,0
2024-09-18 13:45:00,60,8387,50,0
2024-09-18 13:52:00,92,1131,96,1
2024-09-18 13:57:00,43,4813,93,0
2024-09-18 14:03:00,30,3138,67,0
2024-09-18 14:06:00,79,2169,88,0
2024-09-18 14:13:00,77,7704,80,0
2024-09-18 14:17:00,53,6558,100,0
2024-09-18 14:24:00,93,3232,71,0
2024-09-18 14:33:00,41,8161,50,0
2024-09-18 14:37:00,66,2043,50,0
2024-09-18 14:43:00,84,3958,64,0
2024-09-18 14:48:00,88,6042,96,0
2024-09-18 14:51:00,87,7583,54,0
2024-09-18 14:52:00,63,8757,85,0
2024-09-18 14:57:00,45,1894,64,0
2024-09-18 14:58:00,62,3198,56,0
2024-09-18 15:06:00,93,2202,58,0
2024-09-18 15:12:00,85,6356,71,0
2024-09-18 15:16:00,96,8558,64,0
2024-09-18 15:24:00,77,5166,53,0
2024-09-18 15:31:00,40,4552,86,0
2024-09-18 15:36:00,39,5323,68,0
2024-09-18 15:41:00,48,5171,59,0
2024-09-18 15:44:00,100,1814,95,1
2024-09-18 15:49:00,36,8016,97,0
2024-09-18 15:52:00,47,6979,74,0
2024-09-18 15:57:00,69,9096,85,0
2024-09-18 16:00:00,63,6004,86,0
2024-09-18 16:07:00,73,4533,88,0
2024-09-18 16:15:00,89,4134,77,0
2024-09-18 16:19:00,95,5724,62,0
2024-09-18 16:20:00,91,3508,99,1
2024-09-18 16:27:00,38,6641,53,0
2024-09-18 16:33:00,56,2216,56,0
2024-09-18 16:36:00,34,9937,93,0
2024-09-18 16:44:00,66,1857,58,0
2024-09-18 16:49:00,96,1180,92,1
2024-09-18 16:50:00,70,5527,53,0
2024-09-18 16:53:00,78,8103,60,0
2024-09-18 16:55:00,73,2729,71,0
2024-09-18 16:59:00,82,7286,69,0
2024-09-18 17:02:00,55,8344,63,0
2024-09-18 17:11:00,38,3724,97,0
2024-09-18 17:19:00,52,5637,99,0
2024-09-18 17:25:00,75,3484,91,0
2024-09-18 17:27:00,90,3873,70,0
2024-09-18 17:36:00,100,5248,74,0
2024-09-18 17:40:00,38,2701,73,0
2024-09-18 17:50:00,35,6729,79,0
2024-09-18 18:00:00,81,6021,87,0
2024-09-18 18:06:00,41,2457,74,0
2024-09-18 18:08:00,30,8514,78,0
2024-09-18 18:13:00,71,3648,60,0
2024-09-18 18:20:00,49,9571,54,0
2024-09-18 18:27:00,76,6896,90,0
2024-09-18 18:32:00,69,1783,55,0
2024-09-18 18:38:00,97,2467,76,0
2024-09-18 18:45:00,42,5859,86,0
2024-09-18 18:51:00,59,5458,100,0
2024-09-18 18:54:00,64,7530,66,0
2024-09-18 18:55:00,83,7818,57,0
2024-09-18 19:01:00,42,3530,56,0
2024-09-18 19:03:00,93,1393,77,0
2024-09-18 19:07:00,48,1775,80,0
2024-09-18 19:09:00,98,2525,93,1
2024-09-18 19:11:00,40,5937,52,0
2024-09-18 19:17:00,56,6074,81,0
2024-09-18 19:23:00,41,6683,66,0
2024-09-18 19:28:00,90,1436,58,0
2024-09-18 19:38:00,36,8132,97,0
2024-09-18 19:42:00,47,5882,82,0
2024-09-18 19:45:00,45,7188,54,0
2024-09-18 19:53:00,76,7319,83,0
2024-09-18 20:02:00,37,8303,73,0
2024-09-18 20:04:00,55,6648,97,0
2024-09-18 20:13:00,53,6979,95,0
2024-09-18 20:18:00,72,9286,59,0
2024-09-18 20:24:00,61,8237,73,0
2024-09-18 20:25:00,49,1616,50,0
2024-09-18 20:27:00,58,7488,95,0
2024-09-18 20:32:00,86,4240,65,0
2024-09-18 20:42:00,36,2301,70,0
2024-09-18 20:52:00,33,9401,51,0
2024-09-18 20:58:00,90,6542,76,0
2024-09-18 21:06:00,39,3593,50,0
2024-09-18 21:13:00,87,1741,96,0
2024-09-18 21:17:00,46,1227,65,0
2024-09-18 21:24:00,43,9576,88,0
2024-09-18 21:28:00,56,8261,92,0
2024-09-18 21:29:00,58,9332,78,0
2024-09-18 21:37:00,70,8580,72,0
2024-09-18 21:38:00,74,7007,91,0
2024-09-18 21:43:00,71,7216,96,0
2024-09-18 21:51:00,80,8798,91,0
2024-09-18 21:54:00,98,2912,79,0
2024-09-18 22:04:00,72,2987,87,0
2024-09-18 22:09:00,82,1331,53,0
2024-09-18 22:15:00,33,8351,75,0
2024-09-18 22:23:00,57,4468,62,0
2024-09-18 22:27:00,95,6393,88,0
2024-09-18 22:28:00,76,4500,95,0
2024-09-18 22:34:00,31,6521,73,0
2024-09-18 22:37:00,42,1991,91,0
2024-09-18 22:40:00,35,3857,71,0
2024-09-18 22:49:00,83,4256,76,0
2024-09-18 22:57:00,57,5232,85,0
2024-09-18 23:03:00,47,1353,58,0
2024-09-18 23:12:00,88,2308,96,0
2024-09-18 23:17:00,63,1152,68,0
2024-09-18 23:23:00,53,8334,51,0
2024-09-18 23:30:00,100,9156,70,0
2024-09-18 23:32:00,63,2522,86,0
2024-09-18 23:33:00,63,8180,52,0
2024-09-18 23:34:00,55,2156,81,0
2024-09-18 23:41:00,82,6928,85,0
2024-09-18 23:44:00,39,4987,61,0
2024-09-18 23:45:00,59,8898,96,0
2024-09-18 23:54:00,41,5135,53,0
2024-09-18 23:57:00,79,7223,52,0
2024-09-19 00:07:00,54,8394,74,0
2024-09-19 00:09:00,62,3934,57,0
2024-09-19 00:14:00,35,5880,80,0
2024-09-19 00:18:00,66,1057,100,0
2024-09-19 00:19:00,92,2433,63,0
2024-09-19 00:22:00,40,8532,50,0
2024-09-19 00:31:00,61,4559,83,0
2024-09-19 00:39:00,92,9709,52,0
2024-09-19 00:48:00,70,2568,51,0
2024-09-19 00:50:00,39,1168,70,0
2024-09-19 00:57:00,54,6341,90,0
2024-09-19 00:59:00,43,1382,80,0
2024-09-19 01:08:00,44,9003,100,0
2024-09-19 01:12:00,70,2757,69,0
2024-09-19 01:20:00,75,4179,73,0
2024-09-19 01:27:00,44,8611,61,0
2024-09-19 01:29:00,37,5108,88,0
2024-09-19 01:36:00,61,3771,67,0
2024-09-19 01:41:00,53,7907,65,0
2024-09-19 01:50:00,75,9441,55,0
2024-09-19 01:52:00,96,1435,56,0
2024-09-19 01:59:00,78,7235,60,0
2024-09-19 02:06:00,66,2719,71,0
2024-09-19 02:09:00,80,1474,88,0
2024-09-19 02:11:00,57,2597,100,0
2024-09-19 02:20:00,55,8041,85,0
2024-09-19 02:25:00,86,6688,85,0
2024-09-19 02:26:00,70,8718,91,0
2024-09-19 02:33:00,35,3407,53,0
2024-09-19 02:38:00,30,5286,62,0
2024-09-19 02:40:00,83,7531,99,0
2024-09-19 02:45:00,39,9855,65,0
2024-09-19 02:48:00,40,3092,79,0
2024-09-19 02:50:00,44,7346,53,0
2024-09-19 03:00:00,37,9426,73,0
2024-09-19 03:07:00,46,9444,71,0
2024-09-19 03:17:00,61,3772,83,0
2024-09-19 03:22:00,81,2818,53,0
2024-09-19 03:31:00,40,8282,62,0
2024-09-19 03:37:00,83,8434,75,0
2024-09-19 03:45:00,82,1841,64,0
2024-09-19 03:55:00,52,4343,74,0
2024-09-19 04:05:00,55,6675,50,0
2024-09-19 04:07:00,40,2636,70,0
2024-09-19 04:15:00,34,4991,83,0
2024-09-19 04:21:00,71,7506,90,0
2024-09-19 04:29:00,50,4309,79,0
2024-09-19 04:30:00,63,5427,55,0
2024-09-19 04:35:00,52,7018,53,0
2024-09-19 04:44:00,33,7705,86,0
2024-09-19 04:53:00,57,3296,63,0
2024-09-19 04:55:00,100,7432,79,0
2024-09-19 05:04:00,38,2526,52,0
2024-09-19 05:08:00,64,6678,79,0
2024-09-19 05:11:00,91,9187,95,1
2024-09-19 05:13:00,63,9292,87,0
2024-09-19 05:23:00,40,5382,69,0
2024-09-19 05:30:00,73,7619,99,0
2024-09-19 05:32:00,91,8654,88,0
2024-09-19 05:39:00,75,3567,83,0
2024-09-19 05:45:00,65,8060,90,0
2024-09-19 05:46:00,85,7481,59,0
2024-09-19 05:52:00,41,7359,65,0
2024-09-19 06:00:00,66,5532,68,0
2024-09-19 06:03:00,64,3932,61,0
2024-09-19 06:04:00,45,4480,70,0
2024-09-19 06:06:00,38,5298,67,0
2024-09-19 06:07:00,92,3216,95,1
2024-09-19 06:16:00,49,7113,80,0
2024-09-19 06:18:00,58,2888,99,0
